dataset,method,window,subject,classes,samples,accuracy,c0,c1,c_ba,ba_converged,i_uniform,itr_c1_bpm,itr_ba_bpm,itr_mi_bpm
JBHI16,BPRCA,0.2,S01,16,96,0.625,4.0,1.5804820237218404,2.8994176269152776,True,2.6768956220189652,135.46988774758634,248.5215108784524,229.44819617305419
JBHI16,BPRCA,0.2,S02,16,96,0.6354166666666666,4.0,1.6291907528008407,3.1783977042097544,True,2.891433495962811,139.6449216686435,272.4340889322647,247.8371567968124
JBHI16,BPRCA,0.2,S03,16,96,0.21875,4.0,0.18986325964244966,2.0639429361024093,True,1.7379104145504591,16.273993683638544,176.90939452306367,148.9637498186108
JBHI16,BPRCA,0.2,S04,16,96,0.3333333333333333,4.0,0.477110435539831,2.3968197013363577,True,1.8852490699696656,40.895180189128375,205.44168868597353,161.59277742597135
JBHI16,BPRCA,0.2,S05,16,96,0.3645833333333333,4.0,0.5710745498235337,2.484006293789484,True,2.1387162112395925,48.94924712773146,212.91482518195576,183.3185323919651
JBHI16,BPRCA,0.2,S06,16,96,0.53125,4.0,1.1714646344142428,2.6121758194246607,True,2.305728837668361,100.41125437836368,223.9007845221138,197.63390037157382
JBHI16,BPRCA,0.2,S07,16,96,0.16666666666666666,4.0,0.09423541534454705,2.0628804509409973,True,1.7270947228596665,8.077321315246891,176.8183243663712,148.03669053082857
JBHI16,BPRCA,0.2,S08,16,96,0.3541666666666667,4.0,0.5390655296826945,2.31024866313415,True,2.0256348343367154,46.20561682994525,198.02131398292715,173.62584294314706
JBHI16,BPRCA,0.2,S09,16,96,0.5,4.0,1.0465547021957406,2.686575268176606,True,2.403603648192299,89.70468875963492,230.2778801294234,206.0231698450542
JBHI16,BPRCA,0.2,S10,16,96,0.4895833333333333,4.0,1.0061710326713098,2.671059610820498,True,2.240116662930012,86.24323137182657,228.94796664175698,192.00999967971535
JBHI16,BPRCA,0.2,S11,16,96,0.5,4.0,1.0465547021957406,2.6812010681211866,True,2.4163330743540934,89.70468875963492,229.81723441038744,207.11426351606517
JBHI16,BPRCA,0.2,S12,16,96,0.40625,4.0,0.7057943054593894,2.259625590137002,True,2.0171846865173526,60.49665475366195,193.68219344031448,172.90154455863023
JBHI16,BPRCA,0.2,S13,16,96,0.5104166666666666,4.0,1.0875645867464874,2.6104684726245795,True,2.2918976006384097,93.2198217211275,223.75444051067825,196.44836576900656
JBHI16,BPRCA,0.4,S01,16,96,0.7395833333333334,4.0,2.155206096559964,3.244566755689308,True,3.035914088332172,143.68040643733096,216.3044503792872,202.39427255547812
JBHI16,BPRCA,0.4,S02,16,96,0.7395833333333334,4.0,2.155206096559964,3.2797409689210304,True,3.140140086623245,143.68040643733096,218.6493979280687,209.3426724415497
JBHI16,BPRCA,0.4,S03,16,96,0.25,4.0,0.2585539288344778,1.916031852482571,True,1.8057129030592516,17.23692858896519,127.73545683217141,120.38086020395012
JBHI16,BPRCA,0.4,S04,16,96,0.53125,4.0,1.1714646344142428,2.8739993068316205,True,2.466299027292947,78.09764229428285,191.5999537887747,164.41993515286313
JBHI16,BPRCA,0.4,S05,16,96,0.4791666666666667,4.0,0.9664138501843951,2.5360011067592225,True,2.3221834502934176,64.42759001229301,169.06674045061484,154.81223001956118
JBHI16,BPRCA,0.4,S06,16,96,0.6666666666666666,4.0,1.7794073007426707,3.160529766849167,True,2.8137145277520466,118.62715338284472,210.70198445661117,187.58096851680313
JBHI16,BPRCA,0.4,S07,16,96,0.28125,4.0,0.334773946978006,2.256831051620288,True,1.8153603041261919,22.318263131867067,150.45540344135256,121.02402027507947
JBHI16,BPRCA,0.4,S08,16,96,0.5520833333333334,4.0,1.2578799256629427,2.8541050080771444,True,2.6111366128661064,83.85866171086285,190.27366720514297,174.07577419107378
JBHI16,BPRCA,0.4,S09,16,96,0.7083333333333334,4.0,1.989625773712151,3.0989372677195695,True,2.923186523040404,132.64171824747675,206.59581784797132,194.87910153602695
JBHI16,BPRCA,0.4,S10,16,96,0.65625,4.0,1.7286442853647042,3.1357814088461717,True,2.6604839602482464,115.24295235764696,209.05209392307813,177.3655973498831
JBHI16,BPRCA,0.4,S11,16,96,0.78125,4.0,2.3874892196722413,3.3552369084423646,True,3.214286449492649,159.16594797814943,223.68246056282433,214.28576329950994
JBHI16,BPRCA,0.4,S12,16,96,0.5416666666666666,4.0,1.2143569821601257,2.739931544029208,True,2.495797261304849,80.95713214400838,182.66210293528053,166.38648408698995
JBHI16,BPRCA,0.4,S13,16,96,0.7083333333333334,4.0,1.989625773712151,3.2735132053886744,True,3.0527531565672135,132.64171824747675,218.23421369257832,203.51687710448093
JBHI16,BPRCA,0.6,S01,16,96,0.8333333333333334,4.0,2.698829145750226,3.441379214849268,True,3.359246313668624,147.20886249546686,187.71159353723277,183.23161710919766
JBHI16,BPRCA,0.6,S02,16,96,0.8333333333333334,4.0,2.698829145750226,3.485070067359447,True,3.388545729430431,147.20886249546686,190.09473094687888,184.82976705984166
JBHI16,BPRCA,0.6,S03,16,96,0.3854166666666667,4.0,0.6371121794842316,2.611210331521329,True,2.138945673488566,34.75157342641263,142.42965444661792,116.66976400846721
JBHI16,BPRCA,0.6,S04,16,96,0.6041666666666666,4.0,1.485061463811466,2.884557719298652,True,2.6047207585458363,81.0033525715345,157.33951196174462,142.0756777388638
JBHI16,BPRCA,0.6,S05,16,96,0.5104166666666666,4.0,1.0875645867464874,2.48413784148452,True,2.283273684736026,59.321704731626575,135.49842771733742,124.5422009856014
JBHI16,BPRCA,0.6,S06,16,96,0.6979166666666666,4.0,1.9359708049738782,3.1484447408191154,True,2.860431659439759,105.59840754402971,171.73334949922446,156.02354506035047
JBHI16,BPRCA,0.6,S07,16,96,0.375,4.0,0.6037593748197114,2.4708433968192995,True,2.061759115840471,32.93232953562062,134.7732761901436,112.45958813675294
JBHI16,BPRCA,0.6,S08,16,96,0.6354166666666666,4.0,1.6291907528008407,2.9620255502585655,True,2.692724727459448,88.86495015277312,161.56503001410357,146.8758942250608
JBHI16,BPRCA,0.6,S09,16,96,0.78125,4.0,2.3874892196722413,3.3367179382476406,True,3.1916702471114182,130.22668470939496,182.00279663168948,174.0911043878955
JBHI16,BPRCA,0.6,S10,16,96,0.7395833333333334,4.0,2.155206096559964,3.342687835344922,True,3.0994257707014556,117.55669617599804,182.32842738245026,169.05958749280666
JBHI16,BPRCA,0.6,S11,16,96,0.7604166666666666,4.0,2.2696274377013084,3.263281753411084,True,3.0607565008347324,123.79786023825316,177.99718654969547,166.9503545909854
JBHI16,BPRCA,0.6,S12,16,96,0.5416666666666666,4.0,1.2143569821601257,2.7409662830537083,True,2.4989433057218644,66.23765357237049,149.50725180292952,136.30599849391987
JBHI16,BPRCA,0.6,S13,16,96,0.6979166666666666,4.0,1.9359708049738782,3.2065656064901997,True,3.0160748878654573,105.59840754402971,174.90357853582907,164.5131757017522
JBHI16,BPRCA,0.8,S01,16,96,0.8229166666666666,4.0,2.6345000751319905,3.3973800317813634,True,3.352254651770388,121.59231115993802,156.802155312986,154.7194454663256
JBHI16,BPRCA,0.8,S02,16,96,0.8854166666666666,4.0,3.038747716206148,3.6108967575768545,True,3.559716235521088,140.2498945941299,166.65677342662406,164.29459548558867
JBHI16,BPRCA,0.8,S03,16,96,0.4895833333333333,4.0,1.0061710326713098,2.727903613294334,True,2.4302192633426616,46.43866304636814,125.90324369050772,112.16396600043053
JBHI16,BPRCA,0.8,S04,16,96,0.625,4.0,1.5804820237218404,2.9759456072537844,True,2.6356951326627005,72.94532417177724,137.35133571940543,121.6474676613554
JBHI16,BPRCA,0.8,S05,16,96,0.5208333333333334,4.0,1.1292009583347502,2.6457542344779057,True,2.3483637896890137,52.116967307757704,122.11173389898026,108.38602106256987
JBHI16,BPRCA,0.8,S06,16,96,0.6979166666666666,4.0,1.9359708049738782,3.155041468678896,True,2.92007247585174,89.35249869110207,145.61729855441058,134.77257580854186
JBHI16,BPRCA,0.8,S07,16,96,0.4583333333333333,4.0,0.8887827658594158,2.7293763394267048,True,2.299167303854051,41.02074303966535,125.97121566584791,106.11541402403311
JBHI16,BPRCA,0.8,S08,16,96,0.6354166666666666,4.0,1.6291907528008407,3.0256865070489827,True,2.8194407642185277,75.1934193600388,139.64706955610689,130.12803527162436
JBHI16,BPRCA,0.8,S09,16,96,0.8020833333333334,4.0,2.50901942711607,3.3701937542190494,True,3.246037756995518,115.80089663612631,155.5474040408792,149.81712724594698
JBHI16,BPRCA,0.8,S10,16,96,0.7604166666666666,4.0,2.2696274377013084,3.351496097506905,True,3.1505056884883356,104.75203558621423,154.68443526954945,145.40795485330779
JBHI16,BPRCA,0.8,S11,16,96,0.8229166666666666,4.0,2.6345000751319905,3.4291010908014874,True,3.3180155217932743,121.59231115993802,158.26620419083787,153.13917792892036
JBHI16,BPRCA,0.8,S12,16,96,0.6145833333333334,4.0,1.5324412743111835,3.124130414151165,True,2.8562917148474267,70.72805881436231,144.19063449928453,131.82884837757354
JBHI16,BPRCA,0.8,S13,16,96,0.8229166666666666,4.0,2.6345000751319905,3.456622468783144,True,3.369821509668747,121.59231115993802,159.53642163614512,155.53022352317294
JBHI16,BPRCA,1.0,S01,16,96,0.8645833333333334,4.0,2.898833451307159,3.569858161901019,True,3.489593319730888,115.95333805228636,142.79432647604074,139.5837327892355
JBHI16,BPRCA,1.0,S02,16,96,0.90625,4.0,3.1848645179386716,3.7055362663668667,True,3.640728542536463,127.39458071754686,148.22145065467467,145.62914170145854
JBHI16,BPRCA,1.0,S03,16,96,0.4791666666666667,4.0,0.9664138501843951,2.6905682980424213,True,2.2323002156240204,38.6565540073758,107.62273192169685,89.29200862496081
JBHI16,BPRCA,1.0,S04,16,96,0.6354166666666666,4.0,1.6291907528008407,3.03388671657329,True,2.7129536702704535,65.16763011203363,121.3554686629316,108.51814681081814
JBHI16,BPRCA,1.0,S05,16,96,0.4895833333333333,4.0,1.0061710326713098,2.719351534773515,True,2.3043995934501744,40.24684130685239,108.7740613909406,92.17598373800698
JBHI16,BPRCA,1.0,S06,16,96,0.7395833333333334,4.0,2.155206096559964,3.27454162803437,True,3.0083027254216352,86.20824386239858,130.9816651213748,120.33210901686542
JBHI16,BPRCA,1.0,S07,16,96,0.5,4.0,1.0465547021957406,2.6587856758210386,True,2.2813599502650233,41.86218808782962,106.35142703284154,91.25439801060094
JBHI16,BPRCA,1.0,S08,16,96,0.6145833333333334,4.0,1.5324412743111835,2.9800817763793654,True,2.688039876844785,61.29765097244734,119.20327105517461,107.5215950737914
JBHI16,BPRCA,1.0,S09,16,96,0.8333333333333334,4.0,2.698829145750226,3.554063001867154,True,3.3865097163566125,107.95316583000904,142.16252007468617,135.4603886542645
JBHI16,BPRCA,1.0,S10,16,96,0.8229166666666666,4.0,2.6345000751319905,3.6156329573942667,True,3.40047538596925,105.38000300527962,144.62531829577068,136.01901543877
JBHI16,BPRCA,1.0,S11,16,96,0.8541666666666666,4.0,2.8309308841639482,3.5809491223308627,True,3.4039103771352357,113.23723536655793,143.2379648932345,136.15641508540944
JBHI16,BPRCA,1.0,S12,16,96,0.6770833333333334,4.0,1.8308748430807043,3.1668491601820987,True,2.968788569341916,73.23499372322817,126.67396640728396,118.75154277367663
JBHI16,BPRCA,1.0,S13,16,96,0.8854166666666666,4.0,3.038747716206148,3.5718635004091146,True,3.528669881444566,121.54990864824592,142.8745400163646,141.14679525778263
JBHI16,BPRCA,1.2,S01,16,96,0.8645833333333334,4.0,2.898833451307159,3.599809429888846,True,3.489955494987822,102.31176886966445,127.05209752548869,123.17489982309961
JBHI16,BPRCA,1.2,S02,16,96,0.8958333333333334,4.0,3.1109660815410196,3.6726684882904217,True,3.597316657129805,109.79880287791835,129.62359370436783,126.96411731046372
JBHI16,BPRCA,1.2,S03,16,96,0.4375,4.0,0.8136746316817107,2.7403702141412256,True,2.2415116028361797,28.717928177001557,96.7189487343962,79.11217421774752
JBHI16,BPRCA,1.2,S04,16,96,0.5833333333333334,4.0,1.3922601618452979,2.930643638669417,True,2.5968414124558574,49.138593947481105,103.43448136480295,91.65322632197145
JBHI16,BPRCA,1.2,S05,16,96,0.5625,4.0,1.3020359561327761,2.7497639683311634,True,2.4916070180693586,45.954210216450925,97.05049299992342,87.93907122597737
JBHI16,BPRCA,1.2,S06,16,96,0.7291666666666666,4.0,2.0992259198204537,3.297590211439661,True,2.9939422594217024,74.09032658189837,116.38553687434099,105.66855033253069
JBHI16,BPRCA,1.2,S07,16,96,0.5625,4.0,1.3020359561327761,2.7240446424532196,True,2.4140893147300986,45.954210216450925,96.14275208658422,85.20315228459172
JBHI16,BPRCA,1.2,S08,16,96,0.6458333333333334,4.0,1.6785752867351793,2.9629171539859422,True,2.8323233705387745,59.24383364947692,104.57354661126855,99.9643542543097
JBHI16,BPRCA,1.2,S09,16,96,0.8125,4.0,2.571245753198257,3.456896485797632,True,3.3259526328085265,90.74985011287966,122.00811126344584,117.38656351088918
JBHI16,BPRCA,1.2,S10,16,96,0.8854166666666666,4.0,3.038747716206148,3.6483862297413348,True,3.562742215265393,107.24991939551111,128.76657281440006,125.74384289171977
JBHI16,BPRCA,1.2,S11,16,96,0.8333333333333334,4.0,2.698829145750226,3.6099480401183506,True,3.365662167988894,95.25279337941974,127.4099308277065,118.78807651725508
JBHI16,BPRCA,1.2,S12,16,96,0.71875,4.0,2.044038582556732,3.187877475633397,True,2.936054162414124,72.14253820788467,112.51332266941402,103.62544102638086
JBHI16,BPRCA,1.2,S13,16,96,0.8645833333333334,4.0,2.898833451307159,3.597490778166452,True,3.4994424456424187,102.31176886966445,126.97026275881595,123.50973337561479
JBHI16,BPRCA,1.4,S01,16,96,0.875,4.0,2.9680742323493385,3.5956725900163544,True,3.5361242815037555,93.7286599689265,113.54755547420068,111.66708257380282
JBHI16,BPRCA,1.4,S02,16,96,0.9270833333333334,4.0,3.3384075580408545,3.759769924838116,True,3.7030331634358156,105.4233965697112,118.72957657383525,116.93788937165735
JBHI16,BPRCA,1.4,S03,16,96,0.4895833333333333,4.0,1.0061710326713098,2.659499198936566,True,2.3682791363115183,31.773822084357153,83.98418522957579,74.7877621993111
JBHI16,BPRCA,1.4,S04,16,96,0.65625,4.0,1.7286442853647042,3.0526652236082654,True,2.765269232471626,54.58876690625382,96.3999544297347,87.32429155173556
JBHI16,BPRCA,1.4,S05,16,96,0.59375,4.0,1.438336292135987,2.9445954766585376,True,2.613726717819094,45.42114606745223,92.98722557869067,82.53873845744508
JBHI16,BPRCA,1.4,S06,16,96,0.7395833333333334,4.0,2.155206096559964,3.200690117666525,True,3.0788725494448483,68.0591398913673,101.07442476841658,97.22755419299521
JBHI16,BPRCA,1.4,S07,16,96,0.625,4.0,1.5804820237218404,2.9614116595378936,True,2.6403932306491655,49.909958643847595,93.5182629327756,83.38083886260523
JBHI16,BPRCA,1.4,S08,16,96,0.6979166666666666,4.0,1.9359708049738782,3.1575613611851097,True,2.9413994489016635,61.13592015706984,99.71246403742452,92.88629838636832
JBHI16,BPRCA,1.4,S09,16,96,0.8229166666666666,4.0,2.6345000751319905,3.495677282388889,True,3.36989520920313,83.19473921469444,110.38980891754386,106.4177434485199
JBHI16,BPRCA,1.4,S10,16,96,0.7916666666666666,4.0,2.4477795931047743,3.462022224542862,True,3.2590076788479827,77.29830294015078,109.32701761714301,102.91603196362051
JBHI16,BPRCA,1.4,S11,16,96,0.8333333333333334,4.0,2.698829145750226,3.5622114996453407,True,3.3630417605168192,85.22618355000715,112.49088946248445,106.20131875316272
JBHI16,BPRCA,1.4,S12,16,96,0.78125,4.0,2.3874892196722413,3.3469901996973097,True,3.2004054081749214,75.39439641070236,105.69442735886241,101.06543394236594
JBHI16,BPRCA,1.4,S13,16,96,0.875,4.0,2.9680742323493385,3.5970432606062697,True,3.508206189650282,93.7286599689265,113.59083980861905,110.78545862053524
JBHI16,BPRCA,1.6,S01,16,96,0.8541666666666666,4.0,2.8309308841639482,3.5656038218750368,True,3.468277275441492,80.88373954754137,101.87439491071532,99.09363644118548
JBHI16,BPRCA,1.6,S02,16,96,0.9375,4.0,3.4185292711574538,3.796691698442868,True,3.7436595647888375,97.67226489021296,108.47690566979622,106.96170185110964
JBHI16,BPRCA,1.6,S03,16,96,0.5729166666666666,4.0,1.3468281452501816,2.9092810884963276,True,2.6098130538830464,38.480804150005184,83.12231681418078,74.56608725380131
JBHI16,BPRCA,1.6,S04,16,96,0.625,4.0,1.5804820237218404,3.0925879193265655,True,2.7358172355879185,45.15662924919544,88.35965483790187,78.16620673108338
JBHI16,BPRCA,1.6,S05,16,96,0.5625,4.0,1.3020359561327761,2.88455466937971,True,2.547849491578382,37.20102731807931,82.41584769656313,72.79569975938233
JBHI16,BPRCA,1.6,S06,16,96,0.7604166666666666,4.0,2.2696274377013084,3.2942599842656666,True,3.144234914625556,64.84649822003738,94.1217138361619,89.83528327501588
JBHI16,BPRCA,1.6,S07,16,96,0.6354166666666666,4.0,1.6291907528008407,3.060883123493408,True,2.7968913941261144,46.54830722288116,87.45380352838308,79.91118268931756
JBHI16,BPRCA,1.6,S08,16,96,0.7708333333333334,4.0,2.3281151197285883,3.316468452650985,True,3.186292938530069,66.51757484938824,94.75624150431385,91.03694110085911
JBHI16,BPRCA,1.6,S09,16,96,0.7916666666666666,4.0,2.4477795931047743,3.423347955417254,True,3.2957346312993407,69.93655980299354,97.80994158335011,94.16384660855259
JBHI16,BPRCA,1.6,S10,16,96,0.8125,4.0,2.571245753198257,3.5248836345398926,True,3.3273550733791053,73.46416437709304,100.71096098685406,95.06728781083157
JBHI16,BPRCA,1.6,S11,16,96,0.84375,4.0,2.764285939212746,3.6373439572008195,True,3.4526692686041573,78.9795982632213,103.92411306288055,98.6476933886902
JBHI16,BPRCA,1.6,S12,16,96,0.78125,4.0,2.3874892196722413,3.483941355527293,True,3.254984830805329,68.21397770492118,99.54118158649408,92.99956659443797
JBHI16,BPRCA,1.6,S13,16,96,0.8645833333333334,4.0,2.898833451307159,3.6020856360007047,True,3.4792420857757733,82.82381289449025,102.91673245716298,99.40691673645065
JBHI16,BPRCA,1.8,S01,16,96,0.8229166666666666,4.0,2.6345000751319905,3.511226545796554,True,3.3754375943660406,68.72608891648672,91.59721423817098,88.05489376607063
JBHI16,BPRCA,1.8,S02,16,96,0.9375,4.0,3.4185292711574538,3.7966916984428676,True,3.7436595647888375,89.17902446497706,99.04413126372698,97.66068429883924
JBHI16,BPRCA,1.8,S03,16,96,0.5625,4.0,1.3020359561327761,2.7650150426083586,True,2.4907303673193124,33.96615537737677,72.13082719847893,64.97557479963424
JBHI16,BPRCA,1.8,S04,16,96,0.6666666666666666,4.0,1.7794073007426707,3.2661033568092694,True,2.945437111015252,46.41932088893924,85.20269626458965,76.8374898525718
JBHI16,BPRCA,1.8,S05,16,96,0.625,4.0,1.5804820237218404,3.156239786613516,True,2.805240979041459,41.22996583622193,82.33669008556998,73.18019945325545
JBHI16,BPRCA,1.8,S06,16,96,0.7708333333333334,4.0,2.3281151197285883,3.3632687586188834,True,3.1207828933948734,60.73343790596318,87.73744587701435,81.41172765377931
JBHI16,BPRCA,1.8,S07,16,96,0.625,4.0,1.5804820237218404,2.9364691804127925,True,2.703329105440482,41.22996583622193,76.60354383685547,70.52162883757781
JBHI16,BPRCA,1.8,S08,16,96,0.8020833333333334,4.0,2.50901942711607,3.3649935168403475,True,3.254672355155002,65.45268070737575,87.7824395697482,84.90449622143484
JBHI16,BPRCA,1.8,S09,16,96,0.8229166666666666,4.0,2.6345000751319905,3.4722465077081712,True,3.3688977418682318,68.72608891648672,90.5803436793436,87.8842889183017
JBHI16,BPRCA,1.8,S10,16,96,0.84375,4.0,2.764285939212746,3.557910504492972,True,3.392249799231446,72.11180710989773,92.8150566389471,88.49347302342903
JBHI16,BPRCA,1.8,S11,16,96,0.84375,4.0,2.764285939212746,3.6396168677789884,True,3.442579647001957,72.11180710989773,94.94652698553884,89.8064255739641
JBHI16,BPRCA,1.8,S12,16,96,0.78125,4.0,2.3874892196722413,3.5601255680520176,True,3.304166349693766,62.282327469710644,92.87284090570482,86.19564390505477
JBHI16,BPRCA,1.8,S13,16,96,0.84375,4.0,2.764285939212746,3.6384753924526545,True,3.455242839911485,72.11180710989773,94.91674936833013,90.13676973682135
JBHI16,BPRCA,2.0,S01,16,96,0.8333333333333334,4.0,2.698829145750226,3.5070978288455787,True,3.4295434918972267,64.77189949800542,84.17034789229389,82.30904380553343
JBHI16,BPRCA,2.0,S02,16,96,0.9375,4.0,3.4185292711574538,3.8017644802379147,True,3.7623386679604995,82.0447025077789,91.24234752570996,90.29612803105199
JBHI16,BPRCA,2.0,S03,16,96,0.5625,4.0,1.3020359561327761,2.850387350177843,True,2.4845725581923768,31.248862947186627,68.40929640426823,59.62974139661704
JBHI16,BPRCA,2.0,S04,16,96,0.6354166666666666,4.0,1.6291907528008407,3.042863277201438,True,2.7413489728760254,39.10057806722018,73.02871865283451,65.79237534902461
JBHI16,BPRCA,2.0,S05,16,96,0.6458333333333334,4.0,1.6785752867351793,3.1790633148020726,True,2.8061991811748954,40.285806881644305,76.29751955524975,67.3487803481975
JBHI16,BPRCA,2.0,S06,16,96,0.7604166666666666,4.0,2.2696274377013084,3.3093617146108256,True,3.0700298191682966,54.471058504831404,79.42468115065981,73.68071566003911
JBHI16,BPRCA,2.0,S07,16,96,0.65625,4.0,1.7286442853647042,3.1952716953717353,True,2.777293705207073,41.4874628487529,76.68652068892165,66.65504892496975
JBHI16,BPRCA,2.0,S08,16,96,0.8229166666666666,4.0,2.6345000751319905,3.4811568247770492,True,3.3503426368741107,63.22800180316777,83.54776379464919,80.40822328497866
JBHI16,BPRCA,2.0,S09,16,96,0.875,4.0,2.9680742323493385,3.6537601247366203,True,3.548127637576957,71.23378157638413,87.69024299367888,85.15506330184697
JBHI16,BPRCA,2.0,S10,16,96,0.8333333333333334,4.0,2.698829145750226,3.6001133273219548,True,3.3871718718042123,64.77189949800542,86.40271985572691,81.29212492330109
JBHI16,BPRCA,2.0,S11,16,96,0.8541666666666666,4.0,2.8309308841639482,3.6386989746616942,True,3.435421188947435,67.94234121993476,87.32877539188067,82.45010853473843
JBHI16,BPRCA,2.0,S12,16,96,0.7604166666666666,4.0,2.2696274377013084,3.4178363558709566,True,3.1765175121529214,54.471058504831404,82.02807254090295,76.23642029167011
JBHI16,BPRCA,2.0,S13,16,96,0.875,4.0,2.9680742323493385,3.6428043406150463,True,3.518709405690747,71.23378157638413,87.4273041747611,84.44902573657794
JBHI16,EBPRCA,0.2,S01,16,96,0.7291666666666666,4.0,2.0992259198204537,3.1336672768316522,True,3.00474433511466,179.93365027032462,268.6000522998559,257.54951443839946
JBHI16,EBPRCA,0.2,S02,16,96,0.78125,4.0,2.3874892196722413,3.3147801033060373,True,3.2065236009157987,204.64193311476356,284.1240088548032,274.84488007849706
JBHI16,EBPRCA,0.2,S03,16,96,0.3645833333333333,4.0,0.5710745498235337,2.437760827825372,True,2.0926211242580424,48.94924712773146,208.95092809931762,179.36752493640364
JBHI16,EBPRCA,0.2,S04,16,96,0.4479166666666667,4.0,0.8509121552870549,2.482070180307714,True,2.133307873092475,72.93532759603329,212.74887259780405,182.8549605507836
JBHI16,EBPRCA,0.2,S05,16,96,0.4895833333333333,4.0,1.0061710326713098,2.6078935086130715,True,2.3081304651485626,86.24323137182657,223.53372930969186,197.8397541555911
JBHI16,EBPRCA,0.2,S06,16,96,0.5625,4.0,1.3020359561327761,2.7414539263688216,True,2.500582674823531,111.60308195423796,234.9817651173276,214.33565784201696
JBHI16,EBPRCA,0.2,S07,16,96,0.28125,4.0,0.334773946978006,1.9977154578620242,True,1.7563221586618147,28.694909740971944,171.23275353103065,150.54189931386986
JBHI16,EBPRCA,0.2,S08,16,96,0.4895833333333333,4.0,1.0061710326713098,2.576119242232095,True,2.237343674336037,86.24323137182657,220.81022076275102,191.7723149430889
JBHI16,EBPRCA,0.2,S09,16,96,0.6458333333333334,4.0,1.6785752867351793,3.020276825670047,True,2.730219684996732,143.87788172015823,258.8808707717183,234.01883014257706
JBHI16,EBPRCA,0.2,S10,16,96,0.5520833333333334,4.0,1.2578799256629427,2.7840708018182605,True,2.4540208114950275,107.81827934253796,238.63464015585092,210.3446409852881
JBHI16,EBPRCA,0.2,S11,16,96,0.65625,4.0,1.7286442853647042,3.0671716413016785,True,2.830847230433813,148.1695101741175,262.90042639728676,242.64404832289827
JBHI16,EBPRCA,0.2,S12,16,96,0.46875,4.0,0.927283972188711,2.5702664217195608,True,2.2649350411225013,79.48148333046095,220.30855043310524,194.13728923907155
JBHI16,EBPRCA,0.2,S13,16,96,0.6770833333333334,4.0,1.8308748430807043,2.985169956348113,True,2.8066668205032617,156.9321294069175,255.871710544124,240.57144175742246
JBHI16,EBPRCA,0.4,S01,16,96,0.8020833333333334,4.0,2.50901942711607,3.3717672593724664,True,3.247820626043416,167.267961807738,224.78448395816443,216.5213750695611
JBHI16,EBPRCA,0.4,S02,16,96,0.90625,4.0,3.1848645179386716,3.7165616150568166,True,3.6481543596512913,212.32430119591146,247.7707743371211,243.21029064341943
JBHI16,EBPRCA,0.4,S03,16,96,0.4166666666666667,4.0,0.7411117292438782,2.2155045007700984,True,1.9816307123876,49.407448616258556,147.7003000513399,132.10871415917333
JBHI16,EBPRCA,0.4,S04,16,96,0.6770833333333334,4.0,1.8308748430807043,3.0035425914867577,True,2.728368017581864,122.05832287204696,200.23617276578386,181.89120117212428
JBHI16,EBPRCA,0.4,S05,16,96,0.6041666666666666,4.0,1.485061463811466,2.855044764732601,True,2.590409129171098,99.00409758743108,190.3363176488401,172.6939419447399
JBHI16,EBPRCA,0.4,S06,16,96,0.7916666666666666,4.0,2.4477795931047743,3.4651244467468265,True,3.2315631120937316,163.18530620698496,231.00829644978845,215.4375408062488
JBHI16,EBPRCA,0.4,S07,16,96,0.4791666666666667,4.0,0.9664138501843951,2.513439704966662,True,2.223923662657871,64.42759001229301,167.56264699777748,148.26157751052475
JBHI16,EBPRCA,0.4,S08,16,96,0.6666666666666666,4.0,1.7794073007426707,3.250861393334727,True,2.9756117155091406,118.62715338284472,216.72409288898183,198.37411436727606
JBHI16,EBPRCA,0.4,S09,16,96,0.7604166666666666,4.0,2.2696274377013084,3.305504422647794,True,3.1488107340092055,151.3084958467539,220.36696150985296,209.9207156006137
JBHI16,EBPRCA,0.4,S10,16,96,0.78125,4.0,2.3874892196722413,3.4230060390428285,True,3.202697851548518,159.16594797814943,228.20040260285526,213.51319010323456
JBHI16,EBPRCA,0.4,S11,16,96,0.8333333333333334,4.0,2.698829145750226,3.5606223981510072,True,3.3622722934129294,179.92194305001507,237.3748265434005,224.15148622752864
JBHI16,EBPRCA,0.4,S12,16,96,0.5729166666666666,4.0,1.3468281452501816,2.8631413665208454,True,2.5367303916008073,89.78854301667877,190.8760911013897,169.11535944005382
JBHI16,EBPRCA,0.4,S13,16,96,0.7291666666666666,4.0,2.0992259198204537,3.2766770952797843,True,3.06305409187917,139.94839465469693,218.44513968531896,204.20360612527804
JBHI16,EBPRCA,0.6,S01,16,96,0.8333333333333334,4.0,2.698829145750226,3.513660847179958,True,3.408804974760521,147.20886249546686,191.65422802799768,185.9348168051193
JBHI16,EBPRCA,0.6,S02,16,96,0.875,4.0,2.9680742323493385,3.6014307614220136,True,3.5163312134840665,161.89495812814573,196.44167789574618,191.79988437185816
JBHI16,EBPRCA,0.6,S03,16,96,0.4791666666666667,4.0,0.9664138501843951,2.5116610408867714,True,2.2438172935815794,52.71348273733064,136.99969313927843,122.39003419535887
JBHI16,EBPRCA,0.6,S04,16,96,0.6979166666666666,4.0,1.9359708049738782,3.059882307049416,True,2.8334801333655477,105.59840754402971,166.9026712936045,154.55346181993895
JBHI16,EBPRCA,0.6,S05,16,96,0.5833333333333334,4.0,1.3922601618452979,2.8506372699437827,True,2.5127236450721075,75.94146337337988,155.48930563329722,137.0576533675695
JBHI16,EBPRCA,0.6,S06,16,96,0.7708333333333334,4.0,2.3281151197285883,3.3984154026744724,True,3.1072680655200786,126.98809743974117,185.36811287315302,169.4873490283679
JBHI16,EBPRCA,0.6,S07,16,96,0.5208333333333334,4.0,1.1292009583347502,2.650006831152968,True,2.3376703766010376,61.592779545531826,144.54582715379826,127.50929326914749
JBHI16,EBPRCA,0.6,S08,16,96,0.7916666666666666,4.0,2.4477795931047743,3.3204561488469384,True,3.2272254697894764,133.51525053298766,181.11578993710572,176.03048017033507
JBHI16,EBPRCA,0.6,S09,16,96,0.8229166666666666,4.0,2.6345000751319905,3.491960672239856,True,3.3534114145971623,143.70000409810856,190.47058212217394,182.91334988711793
JBHI16,EBPRCA,0.6,S10,16,96,0.7916666666666666,4.0,2.4477795931047743,3.5039088099031623,True,3.263888507599843,133.51525053298766,191.12229872199066,178.0302822327187
JBHI16,EBPRCA,0.6,S11,16,96,0.8125,4.0,2.571245753198257,3.4425392448309813,True,3.2253712198184714,140.24976835626853,187.77486789987168,175.9293392628257
JBHI16,EBPRCA,0.6,S12,16,96,0.625,4.0,1.5804820237218404,3.058427641802892,True,2.697721454687887,86.20811038482765,166.82332591652138,147.14844298297564
JBHI16,EBPRCA,0.6,S13,16,96,0.71875,4.0,2.044038582556732,3.141507721048753,True,3.0003941973507438,111.49301359400356,171.35496660265923,163.65786531004056
JBHI16,EBPRCA,0.8,S01,16,96,0.8645833333333334,4.0,2.898833451307159,3.5462402616175157,True,3.497725809846788,133.7923131372535,163.67262745926996,161.4334989160056
JBHI16,EBPRCA,0.8,S02,16,96,0.9270833333333334,4.0,3.3384075580408545,3.7415619650156877,True,3.700878933274144,154.08034883265483,172.68747530841637,170.80979692034512
JBHI16,EBPRCA,0.8,S03,16,96,0.5,4.0,1.0465547021957406,2.6758185124643568,True,2.336418198541086,48.30252471672649,123.4993159598934,107.83468608651165
JBHI16,EBPRCA,0.8,S04,16,96,0.6666666666666666,4.0,1.7794073007426707,3.0171745075050658,True,2.8092462775814466,82.12649080350788,139.25420803869534,129.6575205037591
JBHI16,EBPRCA,0.8,S05,16,96,0.6458333333333334,4.0,1.6785752867351793,2.856496412510297,True,2.725247221640932,77.47270554162365,131.83829596201372,125.78064099881223
JBHI16,EBPRCA,0.8,S06,16,96,0.78125,4.0,2.3874892196722413,3.4688296246376242,True,3.2058472304338133,110.19181013871882,160.09982882942882,147.962179866176
JBHI16,EBPRCA,0.8,S07,16,96,0.59375,4.0,1.438336292135987,3.0113093218813765,True,2.5778269973968984,66.38475194473786,138.98350716375583,118.97663064908761
JBHI16,EBPRCA,0.8,S08,16,96,0.7708333333333334,4.0,2.3281151197285883,3.3146810390281134,True,3.22704273902408,107.45146706439638,152.98527872437447,148.9404341088037
JBHI16,EBPRCA,0.8,S09,16,96,0.8333333333333334,4.0,2.698829145750226,3.4877634813941087,True,3.3921098664447964,124.56134518847198,160.97369914126656,156.55891691283676
JBHI16,EBPRCA,0.8,S10,16,96,0.7916666666666666,4.0,2.4477795931047743,3.564828356883982,True,3.2810914706665435,112.97444275868189,164.53053954849148,151.43499095384047
JBHI16,EBPRCA,0.8,S11,16,96,0.8645833333333334,4.0,2.898833451307159,3.6720925072039887,True,3.4528663672795292,133.7923131372535,169.4811926401841,159.36306310520905
JBHI16,EBPRCA,0.8,S12,16,96,0.59375,4.0,1.438336292135987,2.9945169752442933,True,2.7130627015014666,66.38475194473786,138.20847578050584,125.21827853083691
JBHI16,EBPRCA,0.8,S13,16,96,0.7916666666666666,4.0,2.4477795931047743,3.3431315637061,True,3.2285799303281735,112.97444275868189,154.29837986335846,149.01138139976186
JBHI16,EBPRCA,1.0,S01,16,96,0.8854166666666666,4.0,3.038747716206148,3.643114383792792,True,3.584614094337647,121.54990864824592,145.72457535171168,143.38456377350587
JBHI16,EBPRCA,1.0,S02,16,96,0.9479166666666666,4.0,3.5013343717212972,3.8051152999013516,True,3.7846481413987942,140.0533748688519,152.20461199605407,151.38592565595178
JBHI16,EBPRCA,1.0,S03,16,96,0.5104166666666666,4.0,1.0875645867464874,2.705719164036472,True,2.303365013371657,43.502583469859495,108.22876656145888,92.13460053486628
JBHI16,EBPRCA,1.0,S04,16,96,0.6979166666666666,4.0,1.9359708049738782,3.1933702825409527,True,2.9403591835880185,77.43883219895513,127.7348113016381,117.61436734352074
JBHI16,EBPRCA,1.0,S05,16,96,0.6979166666666666,4.0,1.9359708049738782,3.2521399105678173,True,3.006489553854652,77.43883219895513,130.08559642271268,120.25958215418609
JBHI16,EBPRCA,1.0,S06,16,96,0.7604166666666666,4.0,2.2696274377013084,3.394642616451014,True,3.163713787420193,90.78509750805233,135.78570465804057,126.54855149680772
JBHI16,EBPRCA,1.0,S07,16,96,0.5729166666666666,4.0,1.3468281452501816,2.90696152845266,True,2.5139884714673117,53.87312581000727,116.27846113810641,100.55953885869246
JBHI16,EBPRCA,1.0,S08,16,96,0.8020833333333334,4.0,2.50901942711607,3.443261765203829,True,3.3405940738666,100.36077708464279,137.73047060815315,133.623762954664
JBHI16,EBPRCA,1.0,S09,16,96,0.8541666666666666,4.0,2.8309308841639482,3.543109951413828,True,3.4375017195747244,113.23723536655793,141.72439805655313,137.500068782989
JBHI16,EBPRCA,1.0,S10,16,96,0.8229166666666666,4.0,2.6345000751319905,3.4367618264176603,True,3.3226861573735524,105.38000300527962,137.4704730567064,132.9074462949421
JBHI16,EBPRCA,1.0,S11,16,96,0.8645833333333334,4.0,2.898833451307159,3.658337719437559,True,3.4923502208401627,115.95333805228636,146.33350877750235,139.69400883360652
JBHI16,EBPRCA,1.0,S12,16,96,0.65625,4.0,1.7286442853647042,3.271684504367031,True,2.893150131758441,69.14577141458817,130.86738017468124,115.72600527033764
JBHI16,EBPRCA,1.0,S13,16,96,0.8125,4.0,2.571245753198257,3.4455003274059117,True,3.2991387209096894,102.84983012793028,137.82001309623647,131.96554883638757
JBHI16,EBPRCA,1.2,S01,16,96,0.8958333333333334,4.0,3.1109660815410196,3.649249925327058,True,3.5926460215495277,109.79880287791835,128.7970561880138,126.79927134880687
JBHI16,EBPRCA,1.2,S02,16,96,0.9583333333333334,4.0,3.5873305990164597,3.84758883659276,True,3.829945178332094,126.61166820058094,135.79725305621506,135.17453570583862
JBHI16,EBPRCA,1.2,S03,16,96,0.46875,4.0,0.927283972188711,2.604383585099809,True,2.2593773203870318,32.72766960666039,91.9194206505815,79.74272895483642
JBHI16,EBPRCA,1.2,S04,16,96,0.6666666666666666,4.0,1.7794073007426707,3.0942377330916555,True,2.8594341921048607,62.802610614447204,109.2083905797055,100.92120678017156
JBHI16,EBPRCA,1.2,S05,16,96,0.6979166666666666,4.0,1.9359708049738782,3.084292018311359,True,2.8730445880884243,68.32838135201924,108.85736535216563,101.40157369723852
JBHI16,EBPRCA,1.2,S06,16,96,0.7604166666666666,4.0,2.2696274377013084,3.403448369240653,True,3.1503085898129632,80.10449780122265,120.12170714967012,111.18736199339871
JBHI16,EBPRCA,1.2,S07,16,96,0.5833333333333334,4.0,1.3922601618452979,2.8724017109826434,True,2.4826891262404596,49.138593947481105,101.37888391703449,87.62432210260447
JBHI16,EBPRCA,1.2,S08,16,96,0.7604166666666666,4.0,2.2696274377013084,3.2325912657949254,True,3.1143814069845797,80.10449780122265,114.0914564398209,109.91934377592635
JBHI16,EBPRCA,1.2,S09,16,96,0.84375,4.0,2.764285939212746,3.472767941276451,True,3.3737660751604324,97.56303314868515,122.56828028034535,119.07409677036821
JBHI16,EBPRCA,1.2,S10,16,96,0.8229166666666666,4.0,2.6345000751319905,3.4323552882856503,True,3.3257121371178577,92.98235559289378,121.14195135125826,117.37807542768911
JBHI16,EBPRCA,1.2,S11,16,96,0.84375,4.0,2.764285939212746,3.6108170061995253,True,3.397311193013019,97.56303314868515,127.44060021880678,119.90510092987127
JBHI16,EBPRCA,1.2,S12,16,96,0.6770833333333334,4.0,1.8308748430807043,3.225121293956331,True,2.8545681774239355,64.61911210873075,113.82781037492934,100.74946508555067
JBHI16,EBPRCA,1.2,S13,16,96,0.8229166666666666,4.0,2.6345000751319905,3.4391707323527156,True,3.2937471972939556,92.98235559289378,121.38249643597821,116.24990108096314
JBHI16,EBPRCA,1.4,S01,16,96,0.90625,4.0,3.1848645179386716,3.6781143340569042,True,3.6329102476456154,100.57466898753701,116.15097897021803,114.7234815045984
JBHI16,EBPRCA,1.4,S02,16,96,0.96875,4.0,3.6772873445745193,3.8928302241343653,True,3.870571579685116,116.12486351287957,122.93148076213787,122.22857620058262
JBHI16,EBPRCA,1.4,S03,16,96,0.4583333333333333,4.0,0.8887827658594158,2.5950223503109537,True,2.1967589945106893,28.066824185034186,81.94807422034592,69.37133666875862
JBHI16,EBPRCA,1.4,S04,16,96,0.6979166666666666,4.0,1.9359708049738782,3.240050390390281,True,2.985823016677605,61.13592015706984,102.31738074916677,94.28914789508227
JBHI16,EBPRCA,1.4,S05,16,96,0.6770833333333334,4.0,1.8308748430807043,3.100629557818614,True,2.843530524148582,57.817100307811714,97.91461761532466,89.79570076258682
JBHI16,EBPRCA,1.4,S06,16,96,0.7604166666666666,4.0,2.2696274377013084,3.3987696157397504,True,3.1436950377807715,71.67244540109395,107.32956681283423,99.27458014044542
JBHI16,EBPRCA,1.4,S07,16,96,0.5833333333333334,4.0,1.3922601618452979,2.7669783617641093,True,2.5418134666988816,43.96611037406204,87.37826405570873,80.26779368522784
JBHI16,EBPRCA,1.4,S08,16,96,0.7395833333333334,4.0,2.155206096559964,3.242798197457617,True,3.080309073163753,68.0591398913673,102.40415360392475,97.272918099908
JBHI16,EBPRCA,1.4,S09,16,96,0.84375,4.0,2.764285939212746,3.4784433943352067,True,3.3646938826349073,87.29324018566567,109.84558087374337,106.25349103057603
JBHI16,EBPRCA,1.4,S10,16,96,0.84375,4.0,2.764285939212746,3.494128394685463,True,3.3928827726981354,87.29324018566567,110.34089667427779,107.14366650625692
JBHI16,EBPRCA,1.4,S11,16,96,0.8229166666666666,4.0,2.6345000751319905,3.55629251866788,True,3.3521329722041235,83.19473921469444,112.30397427372255,105.85683070118286
JBHI16,EBPRCA,1.4,S12,16,96,0.75,4.0,2.2119992266387376,3.3796417103677707,True,3.0440004460010455,69.85260715701277,106.72552769582434,96.12632987371724
JBHI16,EBPRCA,1.4,S13,16,96,0.84375,4.0,2.764285939212746,3.4862726397767547,True,3.3595873722633134,87.29324018566567,110.09282020347648,106.09223280831517
JBHI16,EBPRCA,1.6,S01,16,96,0.8854166666666666,4.0,3.038747716206148,3.6169427517613246,True,3.561628250417366,86.82136332017565,103.34122147889498,101.76080715478189
JBHI16,EBPRCA,1.6,S02,16,96,0.9791666666666666,4.0,3.7725121958046857,3.922646181346124,True,3.9137143864567436,107.78606273727672,112.07560518131783,111.82041104162124
JBHI16,EBPRCA,1.6,S03,16,96,0.46875,4.0,0.927283972188711,2.618643761943191,True,2.3160084772307097,26.49382777682031,74.81839319837688,66.17167077802027
JBHI16,EBPRCA,1.6,S04,16,96,0.7083333333333334,4.0,1.989625773712151,3.178689756355897,True,2.963735890390764,56.846450677490026,90.81970732445419,84.67816829687897
JBHI16,EBPRCA,1.6,S05,16,96,0.6770833333333334,4.0,1.8308748430807043,3.0761526772271504,True,2.7662491503038593,52.31070980230583,87.89007649220429,79.03569000868168
JBHI16,EBPRCA,1.6,S06,16,96,0.78125,4.0,2.3874892196722413,3.396757078475484,True,3.247485314156119,68.21397770492118,97.05020224215667,92.78529469017482
JBHI16,EBPRCA,1.6,S07,16,96,0.6875,4.0,1.8830584563377806,3.0871385325563363,True,2.796680080416357,53.801670181079444,88.20395807303818,79.90514515475304
JBHI16,EBPRCA,1.6,S08,16,96,0.7916666666666666,4.0,2.4477795931047743,3.360353907867191,True,3.2406621679888934,69.93655980299354,96.01011165334832,92.59034765682551
JBHI16,EBPRCA,1.6,S09,16,96,0.8541666666666666,4.0,2.8309308841639482,3.5713133398147283,True,3.4299216017632705,80.88373954754137,102.03752399470652,97.99776005037916
JBHI16,EBPRCA,1.6,S10,16,96,0.8541666666666666,4.0,2.8309308841639482,3.62403279174652,True,3.437304620899352,80.88373954754137,103.54379404990057,98.2087034542672
JBHI16,EBPRCA,1.6,S11,16,96,0.8229166666666666,4.0,2.6345000751319905,3.521266275893111,True,3.3200960524205634,75.27143071805686,100.6076078826603,94.85988721201609
JBHI16,EBPRCA,1.6,S12,16,96,0.7291666666666666,4.0,2.0992259198204537,3.409752650489318,True,2.993759528656306,59.97788342344153,97.42150429969479,85.53598653303732
JBHI16,EBPRCA,1.6,S13,16,96,0.8333333333333334,4.0,2.698829145750226,3.52417450707205,True,3.3508070946097885,77.10940416429217,100.69070020205857,95.73734556027966
JBHI16,EBPRCA,1.8,S01,16,96,0.8333333333333334,4.0,2.698829145750226,3.4711364009975343,True,3.357768453988939,70.40423858478852,90.55138437384873,87.59395966927667
JBHI16,EBPRCA,1.8,S02,16,96,0.9791666666666666,4.0,3.7725121958046857,3.922646181346124,True,3.9137143864567436,98.41336162968746,102.32990038294238,102.09689703800201
JBHI16,EBPRCA,1.8,S03,16,96,0.5208333333333334,4.0,1.1292009583347502,2.640942606692529,True,2.3449918501826073,29.45741630438479,68.89415495719642,61.17370043954628
JBHI16,EBPRCA,1.8,S04,16,96,0.6875,4.0,1.8830584563377806,3.177656672259677,True,2.8923948796889363,49.12326407837689,82.89539145025245,75.45377947014617
JBHI16,EBPRCA,1.8,S05,16,96,0.6875,4.0,1.8830584563377806,3.1175426196985865,True,2.924960171849166,49.12326407837689,81.32719877474574,76.30330883084781
JBHI16,EBPRCA,1.8,S06,16,96,0.8020833333333334,4.0,2.50901942711607,3.421116286989775,True,3.26260774659553,65.45268070737575,89.24651183451589,85.11150643292687
JBHI16,EBPRCA,1.8,S07,16,96,0.71875,4.0,2.044038582556732,3.244170833881066,True,3.0055909409023815,53.322745631914756,84.63054349254955,78.40672019745344
JBHI16,EBPRCA,1.8,S08,16,96,0.8125,4.0,2.571245753198257,3.425422870175586,True,3.3014152296741774,67.07597617038931,89.35885748284139,86.12387555671768
JBHI16,EBPRCA,1.8,S09,16,96,0.84375,4.0,2.764285939212746,3.5574416178663215,True,3.4301192994751935,72.11180710989773,92.80282481390405,89.48137302978766
JBHI16,EBPRCA,1.8,S10,16,96,0.8645833333333334,4.0,2.898833451307159,3.6438145709767022,True,3.479168386241391,75.62174220801285,95.05603228634877,90.76091442368846
JBHI16,EBPRCA,1.8,S11,16,96,0.8229166666666666,4.0,2.6345000751319905,3.540621210966552,True,3.3673788037845243,68.72608891648672,92.3640315904318,87.84466444655281
JBHI16,EBPRCA,1.8,S12,16,96,0.7916666666666666,4.0,2.4477795931047743,3.534822659036163,True,3.2527872036283605,63.85511982012455,92.2127650183347,84.85531835552246
JBHI16,EBPRCA,1.8,S13,16,96,0.8333333333333334,4.0,2.698829145750226,3.4912126530530543,True,3.3281045443589234,70.40423858478852,91.07511268834055,86.82011854849367
JBHI16,EBPRCA,2.0,S01,16,96,0.8958333333333334,4.0,3.1109660815410196,3.597527648580508,True,3.564625647217311,74.66318595698448,86.34066356593219,85.55101553321546
JBHI16,EBPRCA,2.0,S02,16,96,0.9583333333333334,4.0,3.5873305990164597,3.8516868246973663,True,3.8274287729134877,86.09593437639504,92.44048379273679,91.85829054992371
JBHI16,EBPRCA,2.0,S03,16,96,0.53125,4.0,1.1714646344142428,2.7803515214638566,True,2.39552082330071,28.115151225941826,66.72843651513256,57.49249975921704
JBHI16,EBPRCA,2.0,S04,16,96,0.7083333333333334,4.0,1.989625773712151,3.1517148909834036,True,2.9467909725173973,47.75101856909163,75.6411573836017,70.72298334041753
JBHI16,EBPRCA,2.0,S05,16,96,0.6979166666666666,4.0,1.9359708049738782,3.176943297297595,True,2.9566294505541237,46.46329931937308,76.24663913514229,70.95910681329897
JBHI16,EBPRCA,2.0,S06,16,96,0.78125,4.0,2.3874892196722413,3.451819934864936,True,3.219179327543211,57.29974127213379,82.84367843675847,77.26030386103706
JBHI16,EBPRCA,2.0,S07,16,96,0.71875,4.0,2.044038582556732,3.2005566626178386,True,2.964220216240382,49.05692598136157,76.81335990282813,71.14128518976918
JBHI16,EBPRCA,2.0,S08,16,96,0.8541666666666666,4.0,2.8309308841639482,3.567590402947283,True,3.499128250417366,67.94234121993476,85.62216967073479,83.97907801001679
JBHI16,EBPRCA,2.0,S09,16,96,0.8645833333333334,4.0,2.898833451307159,3.5671712673607794,True,3.4801800686106743,69.57200283137182,85.61211041665871,83.52432164665618
JBHI16,EBPRCA,2.0,S10,16,96,0.8854166666666666,4.0,3.038747716206148,3.672231426620319,True,3.561628250417366,72.92994518894756,88.13355423888765,85.47907801001679
JBHI16,EBPRCA,2.0,S11,16,96,0.8541666666666666,4.0,2.8309308841639482,3.6511280519610514,True,3.5078651310555937,67.94234121993476,87.62707324706523,84.18876314533425
JBHI16,EBPRCA,2.0,S12,16,96,0.7604166666666666,4.0,2.2696274377013084,3.414513839940576,True,3.1338105801726104,54.471058504831404,81.94833215857383,75.21145392414265
JBHI16,EBPRCA,2.0,S13,16,96,0.8125,4.0,2.571245753198257,3.558905728289454,True,3.3164153835107726,61.709898076758165,85.4137374789469,79.59396920425854
JBHI16,EFUSIONCA,0.2,S01,16,96,0.75,4.0,2.2119992266387376,3.3413286282038426,True,3.148380041271025,189.59993371189182,286.39959670318655,269.86114639465933
JBHI16,EFUSIONCA,0.2,S02,16,96,0.8333333333333334,4.0,2.698829145750226,3.5149009703027625,True,3.3822321575889056,231.32821249287653,301.2772260259511,289.9056135076205
JBHI16,EFUSIONCA,0.2,S03,16,96,0.3229166666666667,4.0,0.4471844238026872,2.0920887777770636,True,1.889243335067957,38.33009346880176,179.32189523803405,161.9351430058249
JBHI16,EFUSIONCA,0.2,S04,16,96,0.46875,4.0,0.927283972188711,2.5300646796095956,True,2.1520898577794307,79.48148333046095,216.86268682367964,184.46484495252264
JBHI16,EFUSIONCA,0.2,S05,16,96,0.5625,4.0,1.3020359561327761,2.8328787247784613,True,2.509654867349056,111.60308195423796,242.8181764095824,215.11327434420483
JBHI16,EFUSIONCA,0.2,S06,16,96,0.6354166666666666,4.0,1.6291907528008407,2.8697090315925005,True,2.7212387415082544,139.6449216686435,245.97505985078578,233.24903498642183
JBHI16,EFUSIONCA,0.2,S07,16,96,0.2708333333333333,4.0,0.3085677301665495,2.0230273554992104,True,1.783738741508254,26.448662585704245,173.40234475707518,152.89189212927892
JBHI16,EFUSIONCA,0.2,S08,16,96,0.5208333333333334,4.0,1.1292009583347502,2.5642215442606524,True,2.2881420180282257,96.78865357155003,219.7904180794845,196.12645868813365
JBHI16,EFUSIONCA,0.2,S09,16,96,0.7083333333333334,4.0,1.989625773712151,3.100251794645523,True,2.896316044289396,170.5393520324701,265.7358681124734,248.2556609390911
JBHI16,EFUSIONCA,0.2,S10,16,96,0.6354166666666666,4.0,1.6291907528008407,2.9810035901631355,True,2.6619468529814054,139.6449216686435,255.51459344255449,228.16687311269192
JBHI16,EFUSIONCA,0.2,S11,16,96,0.71875,4.0,2.044038582556732,3.203712526289176,True,2.963877438070969,175.20330707629134,274.6039308247866,254.04663754894023
JBHI16,EFUSIONCA,0.2,S12,16,96,0.5,4.0,1.0465547021957406,2.771085529617306,True,2.4782732013852367,89.70468875963492,237.52161682434053,212.42341726159174
JBHI16,EFUSIONCA,0.2,S13,16,96,0.6979166666666666,4.0,1.9359708049738782,3.1044229918275614,True,2.932299793969951,165.9403547120467,266.0933992995053,251.33998234028155
JBHI16,EFUSIONCA,0.4,S01,16,96,0.8333333333333334,4.0,2.698829145750226,3.4768996566781807,True,3.3809513965845914,179.92194305001507,231.79331044521206,225.3967597723061
JBHI16,EFUSIONCA,0.4,S02,16,96,0.8958333333333334,4.0,3.1109660815410196,3.653556216890527,True,3.5998313429736863,207.39773876940131,243.57041445936846,239.98875619824577
JBHI16,EFUSIONCA,0.4,S03,16,96,0.4583333333333333,4.0,0.8887827658594158,2.283056997508613,True,2.0824970339406255,59.252184390627725,152.20379983390754,138.8331355960417
JBHI16,EFUSIONCA,0.4,S04,16,96,0.6875,4.0,1.8830584563377806,3.0364313934455334,True,2.767349763098915,125.53723042251872,202.42875956303558,184.48998420659436
JBHI16,EFUSIONCA,0.4,S05,16,96,0.6041666666666666,4.0,1.485061463811466,2.753883439331732,True,2.5445110361837493,99.00409758743108,183.59222928878214,169.63406907891664
JBHI16,EFUSIONCA,0.4,S06,16,96,0.8020833333333334,4.0,2.50901942711607,3.4621295756727144,True,3.2355990546325963,167.267961807738,230.80863837818097,215.7066036421731
JBHI16,EFUSIONCA,0.4,S07,16,96,0.4583333333333333,4.0,0.8887827658594158,2.5849131038761572,True,2.2294660478207824,59.252184390627725,172.3275402584105,148.63106985471885
JBHI16,EFUSIONCA,0.4,S08,16,96,0.7291666666666666,4.0,2.0992259198204537,3.235213810587457,True,3.0609015812922227,139.94839465469693,215.6809207058305,204.06010541948152
JBHI16,EFUSIONCA,0.4,S09,16,96,0.7604166666666666,4.0,2.2696274377013084,3.3245879546763657,True,3.087589775438795,151.3084958467539,221.6391969784244,205.83931836258634
JBHI16,EFUSIONCA,0.4,S10,16,96,0.78125,4.0,2.3874892196722413,3.4195776784120735,True,3.189290335330013,159.16594797814943,227.9718452274716,212.61935568866753
JBHI16,EFUSIONCA,0.4,S11,16,96,0.8333333333333334,4.0,2.698829145750226,3.5982807426403793,True,3.3898567929538297,179.92194305001507,239.88538284269197,225.99045286358867
JBHI16,EFUSIONCA,0.4,S12,16,96,0.6458333333333334,4.0,1.6785752867351793,2.999448148342033,True,2.814261153349101,111.90501911567863,199.96320988946889,187.61741022327342
JBHI16,EFUSIONCA,0.4,S13,16,96,0.7916666666666666,4.0,2.4477795931047743,3.4187369966000194,True,3.247768607825534,163.18530620698496,227.91579977333464,216.51790718836895
JBHI16,EFUSIONCA,0.6,S01,16,96,0.875,4.0,2.9680742323493385,3.638211975968793,True,3.5415735700447626,161.89495812814573,198.44792596193415,193.17674018425976
JBHI16,EFUSIONCA,0.6,S02,16,96,0.8958333333333334,4.0,3.1109660815410196,3.6378706755275094,True,3.5886083594359386,169.68905899314652,198.42930957422777,195.74227415105116
JBHI16,EFUSIONCA,0.6,S03,16,96,0.5520833333333334,4.0,1.2578799256629427,2.7035805868528464,True,2.3686540645848737,68.61163230888778,147.46803201015524,129.19931261372037
JBHI16,EFUSIONCA,0.6,S04,16,96,0.7395833333333334,4.0,2.155206096559964,3.1397165415117394,True,2.976606864232764,117.55669617599804,171.2572659006403,162.3603744126962
JBHI16,EFUSIONCA,0.6,S05,16,96,0.6666666666666666,4.0,1.7794073007426707,2.9284001566439093,True,2.730578293094085,97.0585800405093,159.7309176351223,148.94063416876824
JBHI16,EFUSIONCA,0.6,S06,16,96,0.8125,4.0,2.571245753198257,3.48687489184893,True,3.2796153305615823,140.24976835626853,190.19317591903254,178.88810893972266
JBHI16,EFUSIONCA,0.6,S07,16,96,0.5,4.0,1.0465547021957406,2.6195469425086575,True,2.2899592167278753,57.084801937949486,142.8843786822904,124.906866366975
JBHI16,EFUSIONCA,0.6,S08,16,96,0.875,4.0,2.9680742323493385,3.5065329196912858,True,3.4858892499298726,161.89495812814573,191.26543198316102,190.1394136325385
JBHI16,EFUSIONCA,0.6,S09,16,96,0.84375,4.0,2.764285939212746,3.4947713795663753,True,3.407327115080836,150.77923304796795,190.6238934308932,185.85420627713648
JBHI16,EFUSIONCA,0.6,S10,16,96,0.8229166666666666,4.0,2.6345000751319905,3.5498435605639482,True,3.3458690999692045,143.70000409810856,193.62783057621533,182.50195090741113
JBHI16,EFUSIONCA,0.6,S11,16,96,0.8541666666666666,4.0,2.8309308841639482,3.6069094503199826,True,3.4473222625418933,154.41441186348806,196.74051547199903,188.03575977501234
JBHI16,EFUSIONCA,0.6,S12,16,96,0.6666666666666666,4.0,1.7794073007426707,3.0729942730523714,True,2.7818409416463616,97.0585800405093,167.61786943922024,151.7367786352561
JBHI16,EFUSIONCA,0.6,S13,16,96,0.7916666666666666,4.0,2.4477795931047743,3.4328990937453123,True,3.2945258502546855,133.51525053298766,187.24904147701702,179.70141001389192
JBHI16,EFUSIONCA,0.8,S01,16,96,0.8854166666666666,4.0,3.038747716206148,3.668166616810815,True,3.5971481413987942,140.2498945941299,169.2999976989607,166.02222191071357
JBHI16,EFUSIONCA,0.8,S02,16,96,0.9375,4.0,3.4185292711574538,3.765703325625363,True,3.7368346990468884,157.77827405342094,173.80169195193983,172.4692938021641
JBHI16,EFUSIONCA,0.8,S03,16,96,0.5625,4.0,1.3020359561327761,2.8818389435628706,True,2.4939121097782073,60.09396720612813,133.00795124136326,115.10363583591726
JBHI16,EFUSIONCA,0.8,S04,16,96,0.7083333333333334,4.0,1.989625773712151,3.1343386764055197,True,2.971108996623323,91.82888186363773,144.66178506487014,137.12810753646107
JBHI16,EFUSIONCA,0.8,S05,16,96,0.7083333333333334,4.0,1.989625773712151,3.0692950618449615,True,2.9127027040874607,91.82888186363773,141.65977208515207,134.43243249634435
JBHI16,EFUSIONCA,0.8,S06,16,96,0.8229166666666666,4.0,2.6345000751319905,3.5394650709225246,True,3.3117756494861315,121.59231115993802,163.35992635027037,152.85118382243684
JBHI16,EFUSIONCA,0.8,S07,16,96,0.6354166666666666,4.0,1.6291907528008407,2.9555629654311923,True,2.677484077932183,75.1934193600388,136.41059840451658,123.5761882122546
JBHI16,EFUSIONCA,0.8,S08,16,96,0.875,4.0,2.9680742323493385,3.5719353692425555,True,3.5199901666950613,136.98804149304638,164.85855550350257,162.46108461669513
JBHI16,EFUSIONCA,0.8,S09,16,96,0.8333333333333334,4.0,2.698829145750226,3.5039844923357717,True,3.400032010513522,124.56134518847198,161.72236118472793,156.92455433139332
JBHI16,EFUSIONCA,0.8,S10,16,96,0.8541666666666666,4.0,2.8309308841639482,3.6125496103750017,True,3.447081766851224,130.65834849987453,166.7330589403847,159.09608154697958
JBHI16,EFUSIONCA,0.8,S11,16,96,0.8645833333333334,4.0,2.898833451307159,3.6414605755308838,True,3.447686157373552,133.7923131372535,168.0674111783485,159.12397649416394
JBHI16,EFUSIONCA,0.8,S12,16,96,0.6666666666666666,4.0,1.7794073007426707,3.194857220020667,True,2.900170376601038,82.12649080350788,147.45494861633847,133.85401738158637
JBHI16,EFUSIONCA,0.8,S13,16,96,0.84375,4.0,2.764285939212746,3.5513852561255757,True,3.436823629518014,127.5824279636652,163.91008874425734,158.62262905467756
JBHI16,EFUSIONCA,1.0,S01,16,96,0.8645833333333334,4.0,2.898833451307159,3.6268990730541937,True,3.537281044330529,115.95333805228636,145.07596292216775,141.49124177322116
JBHI16,EFUSIONCA,1.0,S02,16,96,0.9583333333333334,4.0,3.5873305990164597,3.8583173686848626,True,3.829945178332094,143.49322396065838,154.3326947473945,153.19780713328376
JBHI16,EFUSIONCA,1.0,S03,16,96,0.53125,4.0,1.1714646344142428,2.6687804688502377,True,2.3348667440081865,46.85858537656971,106.7512187540095,93.39466976032746
JBHI16,EFUSIONCA,1.0,S04,16,96,0.7395833333333334,4.0,2.155206096559964,3.3615264114109484,True,3.153457968698258,86.20824386239858,134.46105645643794,126.13831874793033
JBHI16,EFUSIONCA,1.0,S05,16,96,0.7604166666666666,4.0,2.2696274377013084,3.365031892845724,True,3.1871378247430657,90.78509750805233,134.60127571382895,127.48551298972262
JBHI16,EFUSIONCA,1.0,S06,16,96,0.8229166666666666,4.0,2.6345000751319905,3.5384789437744915,True,3.3950780812638284,105.38000300527962,141.53915775097965,135.80312325055314
JBHI16,EFUSIONCA,1.0,S07,16,96,0.6458333333333334,4.0,1.6785752867351793,3.1046274060980554,True,2.792882913993438,67.14301146940717,124.18509624392222,111.71531655973752
JBHI16,EFUSIONCA,1.0,S08,16,96,0.9166666666666666,4.0,3.2606089333956563,3.711968883695426,True,3.6815954395801547,130.42435733582624,148.47875534781704,147.2638175832062
JBHI16,EFUSIONCA,1.0,S09,16,96,0.8333333333333334,4.0,2.698829145750226,3.5376145414126627,True,3.427405196344665,107.95316583000904,141.5045816565065,137.09620785378658
JBHI16,EFUSIONCA,1.0,S10,16,96,0.875,4.0,2.9680742323493385,3.6364936893394075,True,3.5062204752196218,118.72296929397353,145.4597475735763,140.24881900878486
JBHI16,EFUSIONCA,1.0,S11,16,96,0.875,4.0,2.9680742323493385,3.655166852641802,True,3.5120981722698303,118.72296929397353,146.20667410567208,140.4839268907932
JBHI16,EFUSIONCA,1.0,S12,16,96,0.6770833333333334,4.0,1.8308748430807043,3.23323400138152,True,2.9512645094223036,73.23499372322817,129.3293600552608,118.05058037689214
JBHI16,EFUSIONCA,1.0,S13,16,96,0.8645833333333334,4.0,2.898833451307159,3.536131972793454,True,3.467479225393241,115.95333805228636,141.44527891173817,138.69916901572964
JBHI16,EFUSIONCA,1.2,S01,16,96,0.8645833333333334,4.0,2.898833451307159,3.6142021907524846,True,3.5364092947478953,102.31176886966445,127.56007732067593,124.81444569698455
JBHI16,EFUSIONCA,1.2,S02,16,96,0.9583333333333334,4.0,3.5873305990164597,3.879180278013939,True,3.8461078760851497,126.61166820058094,136.91224510637431,135.7449838618288
JBHI16,EFUSIONCA,1.2,S03,16,96,0.5208333333333334,4.0,1.1292009583347502,2.6875161684578943,True,2.244497066597526,39.85415147063824,94.85351182792569,79.21754352697151
JBHI16,EFUSIONCA,1.2,S04,16,96,0.7395833333333334,4.0,2.155206096559964,3.2679795200418615,True,3.0708747053812937,76.0660975256458,115.3404536485363,108.38381313110449
JBHI16,EFUSIONCA,1.2,S05,16,96,0.7604166666666666,4.0,2.2696274377013084,3.285944420873725,True,3.145441976095487,80.10449780122265,115.97450897201384,111.01559915631131
JBHI16,EFUSIONCA,1.2,S06,16,96,0.8020833333333334,4.0,2.50901942711607,3.484613050785587,True,3.3283308250152066,88.55362683939072,122.98634296890307,117.47049970641906
JBHI16,EFUSIONCA,1.2,S07,16,96,0.6666666666666666,4.0,1.7794073007426707,2.978398478530618,True,2.7337436065884892,62.802610614447204,105.11994630108065,96.48506846782904
JBHI16,EFUSIONCA,1.2,S08,16,96,0.875,4.0,2.9680742323493385,3.575784855509124,True,3.535762106246821,104.75556114174137,126.20417137091027,124.79160374988781
JBHI16,EFUSIONCA,1.2,S09,16,96,0.84375,4.0,2.764285939212746,3.529325496936923,True,3.396118346577474,97.56303314868515,124.56442930365613,119.86300046744026
JBHI16,EFUSIONCA,1.2,S10,16,96,0.8958333333333334,4.0,3.1109660815410196,3.6960636679248293,True,3.605521127205363,109.79880287791835,130.44930592675868,127.25368684254224
JBHI16,EFUSIONCA,1.2,S11,16,96,0.875,4.0,2.9680742323493385,3.641460435283358,True,3.506025096118974,104.75556114174137,128.52213301000089,123.74206221596378
JBHI16,EFUSIONCA,1.2,S12,16,96,0.6979166666666666,4.0,1.9359708049738782,3.31473002724045,True,2.973050193500513,68.32838135201924,116.99047154966294,104.93118330001812
JBHI16,EFUSIONCA,1.2,S13,16,96,0.8020833333333334,4.0,2.50901942711607,3.501850268911074,True,3.373792938530069,88.55362683939072,123.59471537333204,119.07504488929656
JBHI16,EFUSIONCA,1.4,S01,16,96,0.90625,4.0,3.1848645179386716,3.7378569746119146,True,3.6634453078217133,100.57466898753701,118.0375886719552,115.68774656279095
JBHI16,EFUSIONCA,1.4,S02,16,96,0.9479166666666666,4.0,3.5013343717212972,3.8394103084828384,True,3.786802371560466,110.56845384383045,121.2445360573528,119.58323278611999
JBHI16,EFUSIONCA,1.4,S03,16,96,0.5208333333333334,4.0,1.1292009583347502,2.8884280309609016,True,2.3767914558681866,35.65897763162369,91.21351676718638,75.05657229057432
JBHI16,EFUSIONCA,1.4,S04,16,96,0.7395833333333334,4.0,2.155206096559964,3.2950757012379466,True,3.041668386241391,68.0591398913673,104.05502214435622,96.05268588130708
JBHI16,EFUSIONCA,1.4,S05,16,96,0.71875,4.0,2.044038582556732,3.250977688106501,True,2.982310863498826,64.54858681758103,102.66245330862635,94.17823779469977
JBHI16,EFUSIONCA,1.4,S06,16,96,0.8020833333333334,4.0,2.50901942711607,3.5109167970842208,True,3.3442964240928905,79.23219243524431,110.87105675002803,105.60936076082812
JBHI16,EFUSIONCA,1.4,S07,16,96,0.6458333333333334,4.0,1.6785752867351793,2.949483399762299,True,2.695000637187385,53.00764063374251,93.14158104512524,85.10528327960164
JBHI16,EFUSIONCA,1.4,S08,16,96,0.9166666666666666,4.0,3.2606089333956563,3.747292058625845,True,3.6968863877505767,102.96659789670494,118.33553869344775,116.74378066580769
JBHI16,EFUSIONCA,1.4,S09,16,96,0.8541666666666666,4.0,2.8309308841639482,3.569704018232051,True,3.4458010058469104,89.397817394651,112.7274953125911,108.81476860569191
JBHI16,EFUSIONCA,1.4,S10,16,96,0.8854166666666666,4.0,3.038747716206148,3.685767420429945,True,3.571914970694938,95.96045419598363,116.39265538199827,112.79731486405068
JBHI16,EFUSIONCA,1.4,S11,16,96,0.8645833333333334,4.0,2.898833451307159,3.6433618720630037,True,3.5055155217932743,91.54210898864713,115.0535328019896,110.70049016189289
JBHI16,EFUSIONCA,1.4,S12,16,96,0.7604166666666666,4.0,2.2696274377013084,3.422700080572283,True,3.164616438558463,71.67244540109395,108.08526570228263,99.93525595447778
JBHI16,EFUSIONCA,1.4,S13,16,96,0.8229166666666666,4.0,2.6345000751319905,3.461954726543819,True,3.319425428645969,83.19473921469444,109.32488610138377,104.82396090460955
JBHI16,EFUSIONCA,1.6,S01,16,96,0.875,4.0,2.9680742323493385,3.6290944555043265,True,3.5400974299398014,84.80212092426682,103.68841301440932,101.14564085542288
JBHI16,EFUSIONCA,1.6,S02,16,96,0.9479166666666666,4.0,3.5013343717212972,3.8443353381436767,True,3.805481474732127,100.03812490632276,109.83815251839076,108.72804213520362
JBHI16,EFUSIONCA,1.6,S03,16,96,0.5520833333333334,4.0,1.2578799256629427,2.80454215176523,True,2.4348431674393627,35.939426447512645,80.12977576472085,69.56694764112464
JBHI16,EFUSIONCA,1.6,S04,16,96,0.7604166666666666,4.0,2.2696274377013084,3.3540554755131513,True,3.1519642790906324,64.84649822003738,95.8301564432329,90.05612225973235
JBHI16,EFUSIONCA,1.6,S05,16,96,0.71875,4.0,2.044038582556732,3.2236050743782036,True,2.985112282161571,58.40110235876377,92.10300212509152,85.28892234747345
JBHI16,EFUSIONCA,1.6,S06,16,96,0.8125,4.0,2.571245753198257,3.51716704586243,True,3.3347163768163903,73.46416437709304,100.49048702464086,95.27761076618258
JBHI16,EFUSIONCA,1.6,S07,16,96,0.7395833333333334,4.0,2.155206096559964,3.2447738922749076,True,2.958575548598727,61.5773170445704,92.70782549356878,84.53072995996362
JBHI16,EFUSIONCA,1.6,S08,16,96,0.9166666666666666,4.0,3.2606089333956563,3.7425326677136326,True,3.7024287729134877,93.16025523987588,106.92950479181806,105.78367922609964
JBHI16,EFUSIONCA,1.6,S09,16,96,0.84375,4.0,2.764285939212746,3.5977213727213027,True,3.436504252239826,78.9795982632213,102.79203922060864,98.18583577828073
JBHI16,EFUSIONCA,1.6,S10,16,96,0.8958333333333334,4.0,3.1109660815410196,3.6972205943084555,True,3.592384409196612,88.88474518688626,105.63487412309873,102.63955454847462
JBHI16,EFUSIONCA,1.6,S11,16,96,0.8333333333333334,4.0,2.698829145750226,3.6318113801292067,True,3.4436918922752606,77.10940416429217,103.76603943226304,98.3911969221503
JBHI16,EFUSIONCA,1.6,S12,16,96,0.7604166666666666,4.0,2.2696274377013084,3.466076562073657,True,3.1983911107998995,64.84649822003738,99.0307589163902,91.3826031657114
JBHI16,EFUSIONCA,1.6,S13,16,96,0.84375,4.0,2.764285939212746,3.5502822316927625,True,3.4258411416709356,78.9795982632213,101.43663519122178,97.88117547631244
JBHI16,EFUSIONCA,1.8,S01,16,96,0.84375,4.0,2.764285939212746,3.5078559282152733,True,3.397114094337647,72.11180710989773,91.5092850838767,88.62036767837341
JBHI16,EFUSIONCA,1.8,S02,16,96,0.9583333333333334,4.0,3.5873305990164597,3.8583173686848626,True,3.829945178332094,93.58253736564679,100.65175744395295,99.91161334779376
JBHI16,EFUSIONCA,1.8,S03,16,96,0.625,4.0,1.5804820237218404,2.9581286759205128,True,2.552237801151827,41.22996583622193,77.16857415444817,66.5801165517868
JBHI16,EFUSIONCA,1.8,S04,16,96,0.75,4.0,2.2119992266387376,3.2784716334764785,True,3.147596206257159,57.70432765144533,85.52534696025597,82.11120538062154
JBHI16,EFUSIONCA,1.8,S05,16,96,0.7291666666666666,4.0,2.0992259198204537,3.251274286584262,True,3.0259525967213485,54.76241529966401,84.81585095437207,78.93789382751345
JBHI16,EFUSIONCA,1.8,S06,16,96,0.8333333333333334,4.0,2.698829145750226,3.6287591291599974,True,3.455723831292824,70.40423858478852,94.66328163026081,90.14931733807367
JBHI16,EFUSIONCA,1.8,S07,16,96,0.78125,4.0,2.3874892196722413,3.2959053715381206,True,3.1503371727573244,62.282327469710644,85.98014012708141,82.1827088545389
JBHI16,EFUSIONCA,1.8,S08,16,96,0.8958333333333334,4.0,3.1109660815410196,3.672515945827165,True,3.585822875382302,81.15563690976573,95.80476380418692,93.54320544475571
JBHI16,EFUSIONCA,1.8,S09,16,96,0.8645833333333334,4.0,2.898833451307159,3.612559317853771,True,3.5083747053812937,75.62174220801285,94.2406778570549,91.52281840125114
JBHI16,EFUSIONCA,1.8,S10,16,96,0.90625,4.0,3.1848645179386716,3.7201303040256586,True,3.6259471686917406,83.0834222070958,97.04687749632154,94.58992613978455
JBHI16,EFUSIONCA,1.8,S11,16,96,0.8333333333333334,4.0,2.698829145750226,3.6395288409824738,True,3.445846122436932,70.40423858478852,94.94423063432541,89.89163797661563
JBHI16,EFUSIONCA,1.8,S12,16,96,0.78125,4.0,2.3874892196722413,3.4674153011117035,True,3.2254431997781303,62.282327469710644,90.45431220291401,84.14199651595123
JBHI16,EFUSIONCA,1.8,S13,16,96,0.8333333333333334,4.0,2.698829145750226,3.584359793440369,True,3.426110220305966,70.40423858478852,93.50503808974877,89.37678835580782
JBHI16,EFUSIONCA,2.0,S01,16,96,0.8854166666666666,4.0,3.038747716206148,3.634318093334439,True,3.567337431736564,72.92994518894756,87.22363424002653,85.61609836167753
JBHI16,EFUSIONCA,2.0,S02,16,96,0.9479166666666666,4.0,3.5013343717212972,3.816163155515845,True,3.7868023715604653,84.03202492131113,91.58791573238028,90.88325691745116
JBHI16,EFUSIONCA,2.0,S03,16,96,0.6041666666666666,4.0,1.485061463811466,2.915327303929558,True,2.573972066048706,35.64147513147519,69.96785529430939,61.77532958516895
JBHI16,EFUSIONCA,2.0,S04,16,96,0.7708333333333334,4.0,2.3281151197285883,3.3061071484867797,True,3.1632785116654274,55.87476287348612,79.34657156368272,75.91868427997025
JBHI16,EFUSIONCA,2.0,S05,16,96,0.7708333333333334,4.0,2.3281151197285883,3.3649801210518504,True,3.182059897315833,55.87476287348612,80.75952290524441,76.36943753557999
JBHI16,EFUSIONCA,2.0,S06,16,96,0.8229166666666666,4.0,2.6345000751319905,3.613867805003808,True,3.4255217643927476,63.22800180316777,86.73282732009139,82.21252234542594
JBHI16,EFUSIONCA,2.0,S07,16,96,0.7395833333333334,4.0,2.155206096559964,3.194243510070857,True,2.9736528644481166,51.72494631743914,76.66184424170056,71.3676687467548
JBHI16,EFUSIONCA,2.0,S08,16,96,0.9270833333333334,4.0,3.3384075580408545,3.7446060556565337,True,3.712641793656677,80.12178139298051,89.87054533575682,89.10340304776025
JBHI16,EFUSIONCA,2.0,S09,16,96,0.8541666666666666,4.0,2.8309308841639482,3.5530169535972504,True,3.4737716805725207,67.94234121993476,85.27240688633401,83.3705203337405
JBHI16,EFUSIONCA,2.0,S10,16,96,0.9270833333333334,4.0,3.3384075580408545,3.781179902005484,True,3.719827115080836,80.12178139298051,90.74831764813162,89.27585076194006
JBHI16,EFUSIONCA,2.0,S11,16,96,0.8333333333333334,4.0,2.698829145750226,3.6432876793657174,True,3.466467543023957,64.77189949800542,87.43890430477722,83.19522103257498
JBHI16,EFUSIONCA,2.0,S12,16,96,0.78125,4.0,2.3874892196722413,3.467415322983089,True,3.2192530270775936,57.29974127213379,83.21796775159413,77.26207264986225
JBHI16,EFUSIONCA,2.0,S13,16,96,0.8229166666666666,4.0,2.6345000751319905,3.5718388562019836,True,3.3780276993190297,63.22800180316777,85.7241325488476,81.0726647836567
JBHI16,ETRCA,0.2,S01,16,96,0.7916666666666666,4.0,2.4477795931047743,3.3934439460683263,True,3.188782480579038,209.80967940898068,290.8666239487137,273.32421262106044
JBHI16,ETRCA,0.2,S02,16,96,0.8229166666666666,4.0,2.6345000751319905,3.435551030499784,True,3.361834699046888,225.81429215417063,294.4758026142672,288.1572599183047
JBHI16,ETRCA,0.2,S03,16,96,0.20833333333333334,4.0,0.16876007899980516,1.9884055308906603,True,1.735350612116556,14.46514962855473,170.43475979062805,148.7443381814191
JBHI16,ETRCA,0.2,S04,16,96,0.5520833333333334,4.0,1.2578799256629427,2.6921643645843893,True,2.381351340642726,107.81827934253796,230.75694553580482,204.11582919794796
JBHI16,ETRCA,0.2,S05,16,96,0.5520833333333334,4.0,1.2578799256629427,2.777614824577909,True,2.4254766478027263,107.81827934253796,238.0812706781065,207.89799838309085
JBHI16,ETRCA,0.2,S06,16,96,0.6145833333333334,4.0,1.5324412743111835,2.939739971097078,True,2.695903288325655,131.3521092266729,251.977711808321,231.07742471362758
JBHI16,ETRCA,0.2,S07,16,96,0.3333333333333333,4.0,0.477110435539831,2.4053576362912907,True,2.123430164236584,40.895180189128375,206.17351168211064,182.0082997917072
JBHI16,ETRCA,0.2,S08,16,96,0.5625,4.0,1.3020359561327761,2.7864376131714135,True,2.45752718358412,111.60308195423796,238.83750970040688,210.6451871643532
JBHI16,ETRCA,0.2,S09,16,96,0.7083333333333334,4.0,1.989625773712151,3.144863962503737,True,2.8536588119156914,170.5393520324701,269.55976821460604,244.5993267356307
JBHI16,ETRCA,0.2,S10,16,96,0.6666666666666666,4.0,1.7794073007426707,3.044055092009062,True,2.8180441047376354,152.52062577794322,260.91900788649104,241.5466375489402
JBHI16,ETRCA,0.2,S11,16,96,0.7395833333333334,4.0,2.155206096559964,3.279944767017417,True,3.0156062639336474,184.73195113371125,281.1381228872072,258.48053690859837
JBHI16,ETRCA,0.2,S12,16,96,0.5729166666666666,4.0,1.3468281452501816,2.952139906522806,True,2.608168398047074,115.44241245001558,253.04056341624053,223.5572912611778
JBHI16,ETRCA,0.2,S13,16,96,0.71875,4.0,2.044038582556732,3.062994246230732,True,2.9452200162158078,175.20330707629134,262.5423639626342,252.44742996135497
JBHI16,ETRCA,0.4,S01,16,96,0.875,4.0,2.9680742323493385,3.5306183083027567,True,3.488553054417243,197.87161548995593,235.37455388685046,232.57020362781623
JBHI16,ETRCA,0.4,S02,16,96,0.8854166666666666,4.0,3.038747716206148,3.6394575976551518,True,3.582337585573159,202.58318108040987,242.63050651034348,238.8225057048773
JBHI16,ETRCA,0.4,S03,16,96,0.3229166666666667,4.0,0.4471844238026872,2.2103611501854776,True,1.9640855701880378,29.81229492017915,147.3574100123652,130.93903801253586
JBHI16,ETRCA,0.4,S04,16,96,0.6354166666666666,4.0,1.6291907528008407,2.868156306217128,True,2.6853888253738343,108.61271685338939,191.2104204144752,179.02592169158896
JBHI16,ETRCA,0.4,S05,16,96,0.5625,4.0,1.3020359561327761,2.8256783490614685,True,2.46389019108739,86.80239707551841,188.37855660409792,164.2593460724927
JBHI16,ETRCA,0.4,S06,16,96,0.8229166666666666,4.0,2.6345000751319905,3.4791896055991307,True,3.3048788037845243,175.6333383421327,231.94597370660873,220.32525358563495
JBHI16,ETRCA,0.4,S07,16,96,0.3541666666666667,4.0,0.5390655296826945,2.304171600320884,True,2.0024805793665936,35.937701978846306,153.61144002139227,133.49870529110626
JBHI16,ETRCA,0.4,S08,16,96,0.6875,4.0,1.8830584563377806,3.033738183656973,True,2.838274767123365,125.53723042251872,202.2492122437982,189.21831780822436
JBHI16,ETRCA,0.4,S09,16,96,0.6875,4.0,1.8830584563377806,3.1834532552047277,True,2.8700117067162587,125.53723042251872,212.2302170136485,191.33411378108391
JBHI16,ETRCA,0.4,S10,16,96,0.7604166666666666,4.0,2.2696274377013084,3.292891991982229,True,3.0544429289932076,151.3084958467539,219.52613279881527,203.6295285995472
JBHI16,ETRCA,0.4,S11,16,96,0.8125,4.0,2.571245753198257,3.5019087961024535,True,3.236595922930944,171.41638354655046,233.46058640683026,215.7730615287296
JBHI16,ETRCA,0.4,S12,16,96,0.6354166666666666,4.0,1.6291907528008407,2.950769688983269,True,2.7437309457119454,108.61271685338939,196.71797926555126,182.91539638079638
JBHI16,ETRCA,0.4,S13,16,96,0.84375,4.0,2.764285939212746,3.562743349969609,True,3.4111528644481166,184.28572928084975,237.5162233313073,227.41019096320778
JBHI16,ETRCA,0.6,S01,16,96,0.875,4.0,2.9680742323493385,3.698027222509631,True,3.604844756723377,161.89495812814573,201.71057577325257,196.62789582127508
JBHI16,ETRCA,0.6,S02,16,96,0.8541666666666666,4.0,2.8309308841639482,3.5953465563241487,True,3.499833203843713,154.41441186348806,196.10981216313536,190.89999293692978
JBHI16,ETRCA,0.6,S03,16,96,0.4270833333333333,4.0,0.7770732667239395,2.440811025904892,True,2.11357256999806,42.385814548578516,133.13514686753956,115.28577654534871
JBHI16,ETRCA,0.6,S04,16,96,0.6354166666666666,4.0,1.6291907528008407,2.9722368336589473,True,2.7354888253284813,88.86495015277312,162.12200910866983,149.2084813815535
JBHI16,ETRCA,0.6,S05,16,96,0.625,4.0,1.5804820237218404,2.8530405521358055,True,2.6652026805415754,86.20811038482765,155.6203937528621,145.3746916659041
JBHI16,ETRCA,0.6,S06,16,96,0.8020833333333334,4.0,2.50901942711607,3.45889446456391,True,3.3257549350966036,136.85560511542198,188.66697079439507,181.4048146416329
JBHI16,ETRCA,0.6,S07,16,96,0.4479166666666667,4.0,0.8509121552870549,2.3547245679713624,True,2.087305882732828,46.413390288384804,128.43952188934702,113.85304814906333
JBHI16,ETRCA,0.6,S08,16,96,0.78125,4.0,2.3874892196722413,3.272848512279487,True,3.2032285425364626,130.22668470939496,178.51900976069928,174.72155686562522
JBHI16,ETRCA,0.6,S09,16,96,0.78125,4.0,2.3874892196722413,3.3459794429295355,True,3.1836870036491405,130.22668470939496,182.5079696143383,173.65565474449855
JBHI16,ETRCA,0.6,S10,16,96,0.7916666666666666,4.0,2.4477795931047743,3.421543737423248,True,3.2147223242839655,133.51525053298766,186.6296584049044,175.348490415489
JBHI16,ETRCA,0.6,S11,16,96,0.8229166666666666,4.0,2.6345000751319905,3.538507678479862,True,3.33313967380741,143.70000409810856,193.0095097352652,181.80761857131324
JBHI16,ETRCA,0.6,S12,16,96,0.6770833333333334,4.0,1.8308748430807043,3.12768950052655,True,2.873703409067746,99.86590053167477,170.60124548326635,156.74745867642247
JBHI16,ETRCA,0.6,S13,16,96,0.8333333333333334,4.0,2.698829145750226,3.5352970848349545,True,3.4282049659676397,147.20886249546686,192.83438644554295,186.99299814368942
JBHI16,ETRCA,0.8,S01,16,96,0.8958333333333334,4.0,3.1109660815410196,3.674357261106419,True,3.617814678575841,143.58304991727783,169.58571974337318,166.97606208811573
JBHI16,ETRCA,0.8,S02,16,96,0.8854166666666666,4.0,3.038747716206148,3.6148696938084277,True,3.557590588303778,140.2498945941299,166.84013971423514,164.1964886909436
JBHI16,ETRCA,0.8,S03,16,96,0.4479166666666667,4.0,0.8509121552870549,2.412822640738627,True,2.129874601501214,39.27286870555638,111.3610449571674,98.30190468467143
JBHI16,ETRCA,0.8,S04,16,96,0.6770833333333334,4.0,1.8308748430807043,3.092799910484458,True,2.9052751673979076,84.50191583449404,142.74461125312882,134.08962311067265
JBHI16,ETRCA,0.8,S05,16,96,0.6770833333333334,4.0,1.8308748430807043,3.0395632570767805,True,2.8677409790414585,84.50191583449404,140.28753494200527,132.35727595575963
JBHI16,ETRCA,0.8,S06,16,96,0.8020833333333334,4.0,2.50901942711607,3.51810160224698,True,3.320874705381293,115.80089663612631,162.37392010370678,153.27114024836735
JBHI16,ETRCA,0.8,S07,16,96,0.4375,4.0,0.8136746316817107,2.5084278790502803,True,2.1236113283028457,37.55421376992511,115.77359441770524,98.01283053705441
JBHI16,ETRCA,0.8,S08,16,96,0.7916666666666666,4.0,2.4477795931047743,3.33430481260335,True,3.2321651840047845,112.97444275868189,153.89099135092383,149.17685464637466
JBHI16,ETRCA,0.8,S09,16,96,0.78125,4.0,2.3874892196722413,3.3490003688656507,True,3.203228542536464,110.19181013871882,154.56924779379926,147.8413173478368
JBHI16,ETRCA,0.8,S10,16,96,0.8333333333333334,4.0,2.698829145750226,3.4949613452345956,True,3.3490618758697965,124.56134518847198,161.3059082415967,154.572086578606
JBHI16,ETRCA,0.8,S11,16,96,0.8333333333333334,4.0,2.698829145750226,3.589922867033488,True,3.45262587158886,124.56134518847198,165.6887477092379,159.35196330410122
JBHI16,ETRCA,0.8,S12,16,96,0.6770833333333334,4.0,1.8308748430807043,3.0866232959586535,True,2.8788702669207518,84.50191583449404,142.45953673655325,132.8709353963424
JBHI16,ETRCA,0.8,S13,16,96,0.8333333333333334,4.0,2.698829145750226,3.5044493948898348,True,3.4011369423802997,124.56134518847198,161.7438182256847,156.97555118678306
JBHI16,ETRCA,1.0,S01,16,96,0.8958333333333334,4.0,3.1109660815410196,3.6430871129453433,True,3.5886083594359386,124.43864326164078,145.72348451781374,143.54433437743754
JBHI16,ETRCA,1.0,S02,16,96,0.90625,4.0,3.1848645179386716,3.638601130236652,True,3.606247197293956,127.39458071754686,145.54404520946608,144.24988789175825
JBHI16,ETRCA,1.0,S03,16,96,0.4791666666666667,4.0,0.9664138501843951,2.719209809650069,True,2.2556891851951253,38.6565540073758,108.76839238600276,90.22756740780501
JBHI16,ETRCA,1.0,S04,16,96,0.75,4.0,2.2119992266387376,3.2630532285445453,True,3.1233278817578403,88.47996906554951,130.52212914178182,124.9331152703136
JBHI16,ETRCA,1.0,S05,16,96,0.6666666666666666,4.0,1.7794073007426707,3.056335027439932,True,2.8604174444053734,71.17629202970683,122.25340109759728,114.41669777621493
JBHI16,ETRCA,1.0,S06,16,96,0.8229166666666666,4.0,2.6345000751319905,3.5734409140436525,True,3.4202970369332997,105.38000300527962,142.9376365617461,136.81188147733198
JBHI16,ETRCA,1.0,S07,16,96,0.4895833333333333,4.0,1.0061710326713098,2.6068338785404626,True,2.2714160081568644,40.24684130685239,104.27335514161851,90.85664032627457
JBHI16,ETRCA,1.0,S08,16,96,0.8645833333333334,4.0,2.898833451307159,3.591193363377908,True,3.5427069319803115,115.95333805228636,143.6477345351163,141.70827727921247
JBHI16,ETRCA,1.0,S09,16,96,0.8125,4.0,2.571245753198257,3.4609528738651556,True,3.3260743123747916,102.84983012793028,138.43811495460622,133.04297249499166
JBHI16,ETRCA,1.0,S10,16,96,0.84375,4.0,2.764285939212746,3.6065849393384637,True,3.44748905869818,110.57143756850984,144.26339757353855,137.8995623479272
JBHI16,ETRCA,1.0,S11,16,96,0.8333333333333334,4.0,2.698829145750226,3.5744374136292074,True,3.371276533111463,107.95316583000904,142.9774965451683,134.85106132445853
JBHI16,ETRCA,1.0,S12,16,96,0.7083333333333334,4.0,1.989625773712151,3.1663487978846234,True,2.983205449318429,79.58503094848604,126.65395191538494,119.32821797273716
JBHI16,ETRCA,1.0,S13,16,96,0.8229166666666666,4.0,2.6345000751319905,3.5641617455579113,True,3.448507608313028,105.38000300527962,142.56646982231646,137.94030433252112
JBHI16,ETRCA,1.2,S01,16,96,0.875,4.0,2.9680742323493385,3.6503700355054,True,3.566298885997644,104.75556114174137,128.8365894884259,125.86937244697567
JBHI16,ETRCA,1.2,S02,16,96,0.9166666666666666,4.0,3.2606089333956563,3.718437080528184,True,3.6764152296741774,115.0803152963173,131.23895578334768,129.75583163555922
JBHI16,ETRCA,1.2,S03,16,96,0.4895833333333333,4.0,1.0061710326713098,2.608861618715584,True,2.2235597678262127,35.511918800163876,92.07746889584415,78.47858004092515
JBHI16,ETRCA,1.2,S04,16,96,0.7291666666666666,4.0,2.0992259198204537,3.253839806616273,True,3.040054032924504,74.09032658189837,114.84140493939788,107.2960246914531
JBHI16,ETRCA,1.2,S05,16,96,0.625,4.0,1.5804820237218404,2.952319124568441,True,2.7337442056250403,55.78171848430026,104.19949851418028,96.48508961029555
JBHI16,ETRCA,1.2,S06,16,96,0.8541666666666666,4.0,2.8309308841639482,3.6468229858668226,True,3.536902934464485,99.91520767637465,128.71139950118197,124.83186827521712
JBHI16,ETRCA,1.2,S07,16,96,0.5104166666666666,4.0,1.0875645867464874,2.6559311408452206,True,2.3534994820415203,38.38463247340544,93.73874614747838,83.06468760146542
JBHI16,ETRCA,1.2,S08,16,96,0.8541666666666666,4.0,2.8309308841639482,3.52485238308058,True,3.4713049747605216,99.91520767637465,124.40655469696165,122.51664616801841
JBHI16,ETRCA,1.2,S09,16,96,0.7916666666666666,4.0,2.4477795931047743,3.4272978201551543,True,3.2560696136724445,86.39222093310968,120.96345247606428,114.92010401196863
JBHI16,ETRCA,1.2,S10,16,96,0.8854166666666666,4.0,3.038747716206148,3.6435025798507836,True,3.5538099555265186,107.24991939551111,128.5942087006159,125.42858666564184
JBHI16,ETRCA,1.2,S11,16,96,0.8645833333333334,4.0,2.898833451307159,3.6394297490011978,True,3.5251845916354227,102.31176886966445,128.45046172945405,124.41827970477964
JBHI16,ETRCA,1.2,S12,16,96,0.7291666666666666,4.0,2.0992259198204537,3.2086473022166566,True,3.0108333458746266,74.09032658189837,113.24637537235259,106.26470632498683
JBHI16,ETRCA,1.2,S13,16,96,0.8020833333333334,4.0,2.50901942711607,3.4740680352845,True,3.3605666910589957,88.55362683939072,122.61416595121766,118.60823615502339
JBHI16,ETRCA,1.4,S01,16,96,0.8854166666666666,4.0,3.038747716206148,3.668861974897977,True,3.5848563096030412,95.96045419598363,115.85879920730456,113.20598872430658
JBHI16,ETRCA,1.4,S02,16,96,0.90625,4.0,3.1848645179386716,3.705914169982977,True,3.633272422902549,100.57466898753701,117.02886852577822,114.73491861797524
JBHI16,ETRCA,1.4,S03,16,96,0.46875,4.0,0.927283972188711,2.5883913209811,True,2.247106605253524,29.282651753327716,81.73867329414,70.96126121853233
JBHI16,ETRCA,1.4,S04,16,96,0.7083333333333334,4.0,1.989625773712151,3.1702485310750648,True,2.9498597502404493,62.83028759091003,100.11311150763363,93.15346579706683
JBHI16,ETRCA,1.4,S05,16,96,0.625,4.0,1.5804820237218404,2.9138693375296176,True,2.7126469413275167,49.909958643847595,92.01692644830372,85.66253498929001
JBHI16,ETRCA,1.4,S06,16,96,0.8333333333333334,4.0,2.698829145750226,3.5617765639629955,True,3.4446659243366375,85.22618355000715,112.47715465146302,108.77892392642013
JBHI16,ETRCA,1.4,S07,16,96,0.53125,4.0,1.1714646344142428,2.5375095835842716,True,2.267138449389157,36.99362003413398,80.13188158687174,71.59384577018392
JBHI16,ETRCA,1.4,S08,16,96,0.84375,4.0,2.764285939212746,3.5206509346215014,True,3.4437364098287313,87.29324018566567,111.17845056699478,108.74957083669679
JBHI16,ETRCA,1.4,S09,16,96,0.8229166666666666,4.0,2.6345000751319905,3.5312732771549893,True,3.3901083220861956,83.19473921469444,111.51389296278914,107.05605227640619
JBHI16,ETRCA,1.4,S10,16,96,0.8854166666666666,4.0,3.038747716206148,3.6119230416017114,True,3.530322003562654,95.96045419598363,114.06072762952773,111.48385274408382
JBHI16,ETRCA,1.4,S11,16,96,0.8645833333333334,4.0,2.898833451307159,3.639429777221082,True,3.513312700021877,91.54210898864713,114.92936138592891,110.94671684279612
JBHI16,ETRCA,1.4,S12,16,96,0.7291666666666666,4.0,2.0992259198204537,3.216569585187478,True,3.0174451783320935,66.29134483643539,101.57588163749931,95.28774247364507
JBHI16,ETRCA,1.4,S13,16,96,0.7916666666666666,4.0,2.4477795931047743,3.495628797948201,True,3.367378803784524,77.29830294015078,110.38827782994319,106.33827801424813
JBHI16,ETRCA,1.6,S01,16,96,0.8541666666666666,4.0,2.8309308841639482,3.6029893912713167,True,3.4902245736228528,80.88373954754137,102.94255403632333,99.72070210351008
JBHI16,ETRCA,1.6,S02,16,96,0.8958333333333334,4.0,3.1109660815410196,3.6536225507392137,True,3.58797538596925,88.88474518688626,104.3892157354061,102.51358245626427
JBHI16,ETRCA,1.6,S03,16,96,0.53125,4.0,1.1714646344142428,2.7394053929953994,True,2.362853248661737,33.47041812612122,78.26872551415427,67.51009281890676
JBHI16,ETRCA,1.6,S04,16,96,0.6979166666666666,4.0,1.9359708049738782,3.238732973981665,True,3.003907882846362,55.31345157068223,92.53522782804755,85.82593950989606
JBHI16,ETRCA,1.6,S05,16,96,0.6875,4.0,1.8830584563377806,3.112430407938943,True,2.926050735805968,53.801670181079444,88.92658308396979,83.60144959445623
JBHI16,ETRCA,1.6,S06,16,96,0.8333333333333334,4.0,2.698829145750226,3.6145019761897457,True,3.430991049057827,77.10940416429217,103.27148503399273,98.02831568736647
JBHI16,ETRCA,1.6,S07,16,96,0.5416666666666666,4.0,1.2143569821601257,2.5297755420548356,True,2.2869326379470194,34.695913776003586,72.27930120156672,65.34093251277197
JBHI16,ETRCA,1.6,S08,16,96,0.84375,4.0,2.764285939212746,3.5438431885845607,True,3.4516787028971194,78.9795982632213,101.25266253098744,98.61939151134627
JBHI16,ETRCA,1.6,S09,16,96,0.7916666666666666,4.0,2.4477795931047743,3.4760601477567397,True,3.310695554316771,69.93655980299354,99.31600422162113,94.59130155190773
JBHI16,ETRCA,1.6,S10,16,96,0.8854166666666666,4.0,3.038747716206148,3.6455000864534357,True,3.576148011909175,86.82136332017565,104.15714532724101,102.17565748311928
JBHI16,ETRCA,1.6,S11,16,96,0.84375,4.0,2.764285939212746,3.6431828177512102,True,3.456254522280769,78.9795982632213,104.09093765003458,98.75012920802196
JBHI16,ETRCA,1.6,S12,16,96,0.7395833333333334,4.0,2.155206096559964,3.2329013297072047,True,3.052405196344665,61.5773170445704,92.36860942020584,87.211577038419
JBHI16,ETRCA,1.6,S13,16,96,0.78125,4.0,2.3874892196722413,3.440553772545637,True,3.281557647976946,68.21397770492118,98.30153635844677,93.75878994219846
JBHI16,ETRCA,1.8,S01,16,96,0.84375,4.0,2.764285939212746,3.5767889110588174,True,3.435587985103722,72.11180710989773,93.30753681023002,89.62403439401015
JBHI16,ETRCA,1.8,S02,16,96,0.9166666666666666,4.0,3.2606089333956563,3.745715570645348,True,3.6738988242555717,85.0593634798867,97.71431923422648,95.84083889362361
JBHI16,ETRCA,1.8,S03,16,96,0.5104166666666666,4.0,1.0875645867464874,2.5667288633350474,True,2.213735858235192,28.371250089038803,66.95814426091428,57.74963108439632
JBHI16,ETRCA,1.8,S04,16,96,0.75,4.0,2.2119992266387376,3.242402409148729,True,3.1285583903069747,57.70432765144533,84.5844106734451,81.61456670366022
JBHI16,ETRCA,1.8,S05,16,96,0.6979166666666666,4.0,1.9359708049738782,3.179570515171261,True,3.003456073445935,50.50358621670987,82.94531778707639,78.35102800293744
JBHI16,ETRCA,1.8,S06,16,96,0.8125,4.0,2.571245753198257,3.5725374152410745,True,3.4022943042436236,67.07597617038931,93.19662822368021,88.7555035889641
JBHI16,ETRCA,1.8,S07,16,96,0.59375,4.0,1.438336292135987,2.8154386394873674,True,2.5219770016638954,37.52181631659097,73.44622537793133,65.79070439123205
JBHI16,ETRCA,1.8,S08,16,96,0.84375,4.0,2.764285939212746,3.5364339854737015,True,3.4222558879943237,72.11180710989773,92.2547996210531,89.27624055637366
JBHI16,ETRCA,1.8,S09,16,96,0.8125,4.0,2.571245753198257,3.469806007078991,True,3.3624676725135774,67.07597617038931,90.5166784455389,87.71654797861507
JBHI16,ETRCA,1.8,S10,16,96,0.8958333333333334,4.0,3.1109660815410196,3.6615368166100772,True,3.602495147461058,81.15563690976573,95.5183517376542,93.97813428159282
JBHI16,ETRCA,1.8,S11,16,96,0.8333333333333334,4.0,2.698829145750226,3.6431828215393773,True,3.423491532408616,70.40423858478852,95.03955186624464,89.30847475848564
JBHI16,ETRCA,1.8,S12,16,96,0.7395833333333334,4.0,2.155206096559964,3.2562693509538363,True,3.096901864618438,56.222767736346896,84.94615698140443,80.78874429439405
JBHI16,ETRCA,1.8,S13,16,96,0.78125,4.0,2.3874892196722413,3.3972841173717674,True,3.2243023715604657,62.282327469710644,88.6248030618722,84.11223577983824
JBHI16,ETRCA,2.0,S01,16,96,0.8645833333333334,4.0,2.898833451307159,3.632351674728201,True,3.5180478492796974,69.57200283137182,87.17644019347682,84.43314838271274
JBHI16,ETRCA,2.0,S02,16,96,0.9166666666666666,4.0,3.2606089333956563,3.746333650718923,True,3.6785694598358494,78.25461440149576,89.91200761725415,88.28566703606039
JBHI16,ETRCA,2.0,S03,16,96,0.46875,4.0,0.927283972188711,2.4863539892119064,True,2.1349852780689407,22.254815332529063,59.672495741085754,51.239646673654576
JBHI16,ETRCA,2.0,S04,16,96,0.7083333333333334,4.0,1.989625773712151,3.0793969622084494,True,2.9386870653458588,47.75101856909163,73.90552709300279,70.52848956830061
JBHI16,ETRCA,2.0,S05,16,96,0.7083333333333334,4.0,1.989625773712151,3.226867986179329,True,3.0838446272337565,47.75101856909163,77.44483166830389,74.01227105361016
JBHI16,ETRCA,2.0,S06,16,96,0.8333333333333334,4.0,2.698829145750226,3.5670433093183167,True,3.459040006334405,64.77189949800542,85.6090394236396,83.01696015202572
JBHI16,ETRCA,2.0,S07,16,96,0.625,4.0,1.5804820237218404,2.8486268389891247,True,2.573252897587974,37.93156856932417,68.367044135739,61.75806954211137
JBHI16,ETRCA,2.0,S08,16,96,0.8333333333333334,4.0,2.698829145750226,3.4706533349538535,True,3.3934964770874347,64.77189949800542,83.29568003889248,81.44391545009843
JBHI16,ETRCA,2.0,S09,16,96,0.8125,4.0,2.571245753198257,3.6046293690506097,True,3.4183850220370218,61.709898076758165,86.51110485721463,82.04124052888852
JBHI16,ETRCA,2.0,S10,16,96,0.8958333333333334,4.0,3.1109660815410196,3.6864245321956455,True,3.6171365885191307,74.66318595698448,88.4741887726955,86.81127812445914
JBHI16,ETRCA,2.0,S11,16,96,0.8229166666666666,4.0,2.6345000751319905,3.644520396903392,True,3.4245317977222602,63.22800180316777,87.4684895256814,82.18876314533425
JBHI16,ETRCA,2.0,S12,16,96,0.75,4.0,2.2119992266387376,3.3023599502514616,True,3.1366565163888267,53.0879814393297,79.25663880603508,75.27975639333184
JBHI16,ETRCA,2.0,S13,16,96,0.7916666666666666,4.0,2.4477795931047743,3.4936530555742205,True,3.322350845486255,58.74671023451458,83.84767333378129,79.73642029167011
JBHI16,FUSIONCA,0.2,S01,16,96,0.6875,4.0,1.8830584563377806,3.165479773432061,True,2.8559421879257436,161.40501054323835,271.3268377227481,244.79504467934947
JBHI16,FUSIONCA,0.2,S02,16,96,0.7395833333333334,4.0,2.155206096559964,3.3429933367766793,True,3.102401451802603,184.73195113371125,286.5422860094297,265.9201244402231
JBHI16,FUSIONCA,0.2,S03,16,96,0.2708333333333333,4.0,0.3085677301665495,1.9836241264785013,True,1.7842031992439322,26.448662585704245,170.0249251267287,152.93170279233706
JBHI16,FUSIONCA,0.2,S04,16,96,0.3645833333333333,4.0,0.5710745498235337,2.4174159217743845,True,2.009036261792343,48.94924712773146,207.20707900923298,172.20310815362942
JBHI16,FUSIONCA,0.2,S05,16,96,0.3958333333333333,4.0,0.6711259230596909,2.5072619969605654,True,2.1469273020572883,57.52507911940208,214.90817116804848,184.02234017633901
JBHI16,FUSIONCA,0.2,S06,16,96,0.625,4.0,1.5804820237218404,2.863095215482887,True,2.5924415750853345,135.46988774758634,245.40816132710464,222.20927786445725
JBHI16,FUSIONCA,0.2,S07,16,96,0.20833333333333334,4.0,0.16876007899980516,2.0789301795091655,True,1.7806465285116815,14.46514962855473,178.19401538649993,152.62684530100128
JBHI16,FUSIONCA,0.2,S08,16,96,0.4166666666666667,4.0,0.7411117292438782,2.4049484005817643,True,2.185958747180945,63.523862506618144,206.1384343355798,187.3678926155096
JBHI16,FUSIONCA,0.2,S09,16,96,0.5104166666666666,4.0,1.0875645867464874,2.663064543650125,True,2.404415748649315,93.2198217211275,228.2626751700107,206.0927784556556
JBHI16,FUSIONCA,0.2,S10,16,96,0.5104166666666666,4.0,1.0875645867464874,2.7300640180050175,True,2.346843132030582,93.2198217211275,234.00548725757295,201.15798274547845
JBHI16,FUSIONCA,0.2,S11,16,96,0.59375,4.0,1.438336292135987,2.9868945697763603,True,2.6994599590579047,123.28596789737033,256.0195345522595,231.38228220496327
JBHI16,FUSIONCA,0.2,S12,16,96,0.5104166666666666,4.0,1.0875645867464874,2.63089026536685,True,2.3964966093191076,93.2198217211275,225.50487988858714,205.41399508449496
JBHI16,FUSIONCA,0.2,S13,16,96,0.6041666666666666,4.0,1.485061463811466,2.774586898402605,True,2.582199372361234,127.2909826124114,237.82173414879475,221.33137477382007
JBHI16,FUSIONCA,0.4,S01,16,96,0.7916666666666666,4.0,2.4477795931047743,3.352484726863306,True,3.189246938314716,163.18530620698496,223.4989817908871,212.6164625543144
JBHI16,FUSIONCA,0.4,S02,16,96,0.8125,4.0,2.571245753198257,3.4494136335295593,True,3.3269302320294853,171.41638354655046,229.96090890197064,221.7953488019657
JBHI16,FUSIONCA,0.4,S03,16,96,0.34375,4.0,0.5077409742370422,2.2585472693341413,True,2.003985302415916,33.84939828246949,150.56981795560944,133.59902016106108
JBHI16,FUSIONCA,0.4,S04,16,96,0.59375,4.0,1.438336292135987,2.8118599303186063,True,2.5037326527453767,95.88908614239914,187.4573286879071,166.91551018302513
JBHI16,FUSIONCA,0.4,S05,16,96,0.5104166666666666,4.0,1.0875645867464874,2.6331565273569018,True,2.3921865341022093,72.50430578309917,175.54376849046014,159.47910227348063
JBHI16,FUSIONCA,0.4,S06,16,96,0.78125,4.0,2.3874892196722413,3.4285371556966258,True,3.2185897510918196,159.16594797814943,228.5691437131084,214.57265007278798
JBHI16,FUSIONCA,0.4,S07,16,96,0.3229166666666667,4.0,0.4471844238026872,2.260061111336749,True,1.9172510610649223,29.81229492017915,150.67074075578327,127.81673740432817
JBHI16,FUSIONCA,0.4,S08,16,96,0.6354166666666666,4.0,1.6291907528008407,3.1525149666912533,True,2.845562371026268,108.61271685338939,210.16766444608356,189.70415806841788
JBHI16,FUSIONCA,0.4,S09,16,96,0.7604166666666666,4.0,2.2696274377013084,3.3324565920727633,True,3.0908631525016297,151.3084958467539,222.1637728048509,206.05754350010866
JBHI16,FUSIONCA,0.4,S10,16,96,0.6770833333333334,4.0,1.8308748430807043,3.2371525026860706,True,2.8209175033600395,122.05832287204696,215.81016684573805,188.0611668906693
JBHI16,FUSIONCA,0.4,S11,16,96,0.875,4.0,2.9680742323493385,3.6283199590637842,True,3.535762106246821,197.87161548995593,241.88799727091896,235.7174737497881
JBHI16,FUSIONCA,0.4,S12,16,96,0.5833333333333334,4.0,1.3922601618452979,2.881512426685111,True,2.6102489286743626,92.81734412301986,192.1008284456741,174.01659524495753
JBHI16,FUSIONCA,0.4,S13,16,96,0.7708333333333334,4.0,2.3281151197285883,3.394961512047418,True,3.2519137344710023,155.20767464857258,226.3307674698279,216.7942489647335
JBHI16,FUSIONCA,0.6,S01,16,96,0.8541666666666666,4.0,2.8309308841639482,3.624278068266347,True,3.4719093652828494,154.41441186348806,197.68789463270983,189.3768744699736
JBHI16,FUSIONCA,0.6,S02,16,96,0.9270833333333334,4.0,3.3384075580408545,3.736690290602368,True,3.6983625278555383,182.09495771131932,203.81947039649276,201.7288651557566
JBHI16,FUSIONCA,0.6,S03,16,96,0.4583333333333333,4.0,0.8887827658594158,2.5402862401816213,True,2.2236042853796834,48.47905995596813,138.56106764627023,121.28750647525544
JBHI16,FUSIONCA,0.6,S04,16,96,0.6875,4.0,1.8830584563377806,3.0996552894194176,True,2.8780562822633913,102.7122794366062,169.0721066956046,156.9848881234577
JBHI16,FUSIONCA,0.6,S05,16,96,0.5729166666666666,4.0,1.3468281452501816,2.691022166636663,True,2.4534467234917856,73.46335337728263,146.7830272710907,133.82436673591556
JBHI16,FUSIONCA,0.6,S06,16,96,0.78125,4.0,2.3874892196722413,3.307508175985562,True,3.167373339667738,130.22668470939496,180.40953687193974,172.76581852733113
JBHI16,FUSIONCA,0.6,S07,16,96,0.375,4.0,0.6037593748197114,2.2574711393947435,True,1.9843092262647382,32.93232953562062,123.13478942153145,108.23504870534934
JBHI16,FUSIONCA,0.6,S08,16,96,0.7291666666666666,4.0,2.0992259198204537,3.220197462151905,True,2.9956732631273084,114.50323199020656,175.6471342991948,163.40035980694407
JBHI16,FUSIONCA,0.6,S09,16,96,0.8229166666666666,4.0,2.6345000751319905,3.5623874048062034,True,3.406120053610905,143.70000409810856,194.31204026215653,185.7883665605948
JBHI16,FUSIONCA,0.6,S10,16,96,0.75,4.0,2.2119992266387376,3.3927978770124216,True,3.1045756780883464,120.65450327120385,185.0617023824957,169.34049153209162
JBHI16,FUSIONCA,0.6,S11,16,96,0.8125,4.0,2.571245753198257,3.4778035935100196,True,3.3015175121529214,140.24976835626853,189.69837782781923,180.08277339015933
JBHI16,FUSIONCA,0.6,S12,16,96,0.65625,4.0,1.7286442853647042,3.010639949820038,True,2.7824161501877773,94.28968829262021,164.2167245356384,151.768153646606
JBHI16,FUSIONCA,0.6,S13,16,96,0.7916666666666666,4.0,2.4477795931047743,3.4034603829049,True,3.2759415632796522,133.51525053298766,185.64329361299454,178.68772163343556
JBHI16,FUSIONCA,0.8,S01,16,96,0.8854166666666666,4.0,3.038747716206148,3.6207587842052877,True,3.5665376621135887,140.2498945941299,167.11194388639788,164.6094305590887
JBHI16,FUSIONCA,0.8,S02,16,96,0.9166666666666666,4.0,3.2606089333956563,3.7294713504670423,True,3.6900615220086275,150.48964307979952,172.12944694463272,170.31053178501358
JBHI16,FUSIONCA,0.8,S03,16,96,0.5833333333333334,4.0,1.3922601618452979,2.949141792394153,True,2.4067958250563404,64.25816131593683,136.11423657203784,111.08288423336955
JBHI16,FUSIONCA,0.8,S04,16,96,0.6875,4.0,1.8830584563377806,3.1597283887911223,True,2.899130111287393,86.91039029251294,145.83361794420563,133.8060051363412
JBHI16,FUSIONCA,0.8,S05,16,96,0.6145833333333334,4.0,1.5324412743111835,2.8001102070921826,True,2.6525919658230155,70.72805881436231,129.2358557119469,122.42732149952379
JBHI16,FUSIONCA,0.8,S06,16,96,0.78125,4.0,2.3874892196722413,3.386675403734497,True,3.223262106246822,110.19181013871882,156.30809555697678,148.76594336523794
JBHI16,FUSIONCA,0.8,S07,16,96,0.5,4.0,1.0465547021957406,2.7538664666141646,True,2.3141087251027903,48.30252471672649,127.10152922834605,106.80501808166724
JBHI16,FUSIONCA,0.8,S08,16,96,0.7395833333333334,4.0,2.155206096559964,3.1942852238986372,True,3.039268478335914,99.47105061045988,147.42854879532172,140.27392976934988
JBHI16,FUSIONCA,0.8,S09,16,96,0.8229166666666666,4.0,2.6345000751319905,3.5887331245999445,True,3.3858911107998995,121.59231115993802,165.63383651999743,156.27189742153382
JBHI16,FUSIONCA,0.8,S10,16,96,0.84375,4.0,2.764285939212746,3.5930128492920197,True,3.4202684539889385,127.5824279636652,165.8313622750163,157.8585440302587
JBHI16,FUSIONCA,0.8,S11,16,96,0.8333333333333334,4.0,2.698829145750226,3.5259052847444057,True,3.3391607317403844,124.56134518847198,162.73409006512642,154.11511069571006
JBHI16,FUSIONCA,0.8,S12,16,96,0.65625,4.0,1.7286442853647042,3.1568748242864495,True,2.8143417545113443,79.78358240144789,145.7019149670669,129.89269636206205
JBHI16,FUSIONCA,0.8,S13,16,96,0.84375,4.0,2.764285939212746,3.6030643495290864,True,3.4814591100402636,127.5824279636652,166.29527767057323,160.68272815570447
JBHI16,FUSIONCA,1.0,S01,16,96,0.8854166666666666,4.0,3.038747716206148,3.6391075937792046,True,3.584251919080713,121.54990864824592,145.56430375116818,143.37007676322852
JBHI16,FUSIONCA,1.0,S02,16,96,0.9270833333333334,4.0,3.3384075580408545,3.7473538167295457,True,3.7176746044938884,133.5363023216342,149.89415266918184,148.70698417975552
JBHI16,FUSIONCA,1.0,S03,16,96,0.5729166666666666,4.0,1.3468281452501816,2.9163134244853026,True,2.463961572010497,53.87312581000727,116.6525369794121,98.55846288041988
JBHI16,FUSIONCA,1.0,S04,16,96,0.6770833333333334,4.0,1.8308748430807043,3.2800952552091838,True,2.9606485785616043,73.23499372322817,131.20381020836734,118.42594314246418
JBHI16,FUSIONCA,1.0,S05,16,96,0.6145833333333334,4.0,1.5324412743111835,2.84927240094635,True,2.534463196703292,61.29765097244734,113.970896037854,101.37852786813168
JBHI16,FUSIONCA,1.0,S06,16,96,0.7916666666666666,4.0,2.4477795931047743,3.4662809198932125,True,3.286031184881851,97.91118372419098,138.6512367957285,131.44124739527405
JBHI16,FUSIONCA,1.0,S07,16,96,0.6041666666666666,4.0,1.485061463811466,2.928836509085464,True,2.6251150354951647,59.40245855245864,117.15346036341856,105.00460141980659
JBHI16,FUSIONCA,1.0,S08,16,96,0.7604166666666666,4.0,2.2696274377013084,3.3111495308810683,True,3.1516179337616377,90.78509750805233,132.44598123524273,126.06471735046551
JBHI16,FUSIONCA,1.0,S09,16,96,0.84375,4.0,2.764285939212746,3.5537046539562493,True,3.4333565929292558,110.57143756850984,142.14818615824998,137.33426371717024
JBHI16,FUSIONCA,1.0,S10,16,96,0.875,4.0,2.9680742323493385,3.6518156905993733,True,3.5421493776227297,118.72296929397353,146.07262762397494,141.68597510490918
JBHI16,FUSIONCA,1.0,S11,16,96,0.875,4.0,2.9680742323493385,3.6353013004678587,True,3.5023210263179583,118.72296929397353,145.41205201871435,140.09284105271834
JBHI16,FUSIONCA,1.0,S12,16,96,0.7291666666666666,4.0,2.0992259198204537,3.241768884780475,True,3.058464057461136,83.96903679281814,129.67075539121902,122.33856229844545
JBHI16,FUSIONCA,1.0,S13,16,96,0.8854166666666666,4.0,3.038747716206148,3.589098445629939,True,3.5413993076063606,121.54990864824592,143.56393782519757,141.65597230425442
JBHI16,FUSIONCA,1.2,S01,16,96,0.8541666666666666,4.0,2.8309308841639482,3.550639046795733,True,3.4402586206839993,99.91520767637465,125.31667223984941,121.4208924947294
JBHI16,FUSIONCA,1.2,S02,16,96,0.9270833333333334,4.0,3.3384075580408545,3.7843853702490935,True,3.721350091350543,117.82614910732428,133.5665424793798,131.34176793001916
JBHI16,FUSIONCA,1.2,S03,16,96,0.5729166666666666,4.0,1.3468281452501816,2.8888331220963184,True,2.486828318920651,47.535111008829944,101.95881607398772,87.77041125602298
JBHI16,FUSIONCA,1.2,S04,16,96,0.7083333333333334,4.0,1.989625773712151,3.2434108103393564,True,3.051197535838183,70.2220861310171,114.47332271785965,107.68932479428881
JBHI16,FUSIONCA,1.2,S05,16,96,0.65625,4.0,1.7286442853647042,3.0398594568294195,True,2.772623069626796,61.0109747775778,107.28915729986187,97.85728481035751
JBHI16,FUSIONCA,1.2,S06,16,96,0.75,4.0,2.2119992266387376,3.3880897746971006,True,3.1632122784131598,78.07056094019075,119.5796391069565,111.64278629693506
JBHI16,FUSIONCA,1.2,S07,16,96,0.6145833333333334,4.0,1.5324412743111835,2.970280987492598,True,2.6111996645256843,54.08616262274766,104.83344661738583,92.15998815973003
JBHI16,FUSIONCA,1.2,S08,16,96,0.7916666666666666,4.0,2.4477795931047743,3.3661769293722097,True,3.2539656821539302,86.39222093310968,118.80624456607799,114.84584760543284
JBHI16,FUSIONCA,1.2,S09,16,96,0.8541666666666666,4.0,2.8309308841639482,3.5855960892992074,True,3.4418821598577267,99.91520767637465,126.55045021056027,121.47819387733153
JBHI16,FUSIONCA,1.2,S10,16,96,0.90625,4.0,3.1848645179386716,3.7043629650883725,True,3.636298402646855,112.40698298607077,130.74222229723668,128.3399436228302
JBHI16,FUSIONCA,1.2,S11,16,96,0.8229166666666666,4.0,2.6345000751319905,3.5834448402095576,True,3.3386300407524394,92.98235559289378,126.47452377210205,117.8340014383214
JBHI16,FUSIONCA,1.2,S12,16,96,0.7916666666666666,4.0,2.4477795931047743,3.543493695236945,True,3.330861445468198,86.39222093310968,125.06448336130396,117.559815722407
JBHI16,FUSIONCA,1.2,S13,16,96,0.84375,4.0,2.764285939212746,3.5945528680754624,True,3.4683526945505987,97.56303314868515,126.8665718144281,122.41244804296231
JBHI16,FUSIONCA,1.4,S01,16,96,0.8958333333333334,4.0,3.1109660815410196,3.656492110658835,True,3.598188406712439,98.24103415392695,115.46817191554217,113.62700231723491
JBHI16,FUSIONCA,1.4,S02,16,96,0.9270833333333334,4.0,3.3384075580408545,3.824288281756175,True,3.7413385384708793,105.4233965697112,120.76699837124764,118.14753279381725
JBHI16,FUSIONCA,1.4,S03,16,96,0.59375,4.0,1.438336292135987,2.9192358117463773,True,2.562752649670539,45.42114606745223,92.18639405514877,80.92903104222755
JBHI16,FUSIONCA,1.4,S04,16,96,0.75,4.0,2.2119992266387376,3.3698213657503384,True,3.1086419231462967,69.85260715701277,106.41541155001069,98.16763967830411
JBHI16,FUSIONCA,1.4,S05,16,96,0.6458333333333334,4.0,1.6785752867351793,3.12813847080405,True,2.8386872066411617,53.00764063374251,98.78332013065422,89.64275389393143
JBHI16,FUSIONCA,1.4,S06,16,96,0.8020833333333334,4.0,2.50901942711607,3.425734615149195,True,3.3050741828851717,79.23219243524431,108.18109310997458,104.37076367005807
JBHI16,FUSIONCA,1.4,S07,16,96,0.65625,4.0,1.7286442853647042,3.0706320248334813,True,2.7682952122159312,54.58876690625382,96.96732710000468,87.41984880681889
JBHI16,FUSIONCA,1.4,S08,16,96,0.8333333333333334,4.0,2.698829145750226,3.503215859517894,True,3.4109717003818543,85.22618355000715,110.6278692479335,107.71489580153225
JBHI16,FUSIONCA,1.4,S09,16,96,0.875,4.0,2.9680742323493385,3.650837870033498,True,3.5429491472457046,93.7286599689265,115.28961694842626,111.88260464986436
JBHI16,FUSIONCA,1.4,S10,16,96,0.84375,4.0,2.764285939212746,3.5550591081827605,True,3.452136259004937,87.29324018566567,112.26502446892928,109.01482923173486
JBHI16,FUSIONCA,1.4,S11,16,96,0.8333333333333334,4.0,2.698829145750226,3.5795560061508573,True,3.378463574110347,85.22618355000715,113.0386107205534,106.68832339295832
JBHI16,FUSIONCA,1.4,S12,16,96,0.8020833333333334,4.0,2.50901942711607,3.4934760797660465,True,3.3085519720299033,79.23219243524431,110.3202972557699,104.48058859041801
JBHI16,FUSIONCA,1.4,S13,16,96,0.8854166666666666,4.0,3.038747716206148,3.615440605970308,True,3.5522886988315356,95.96045419598363,114.17180860958868,112.17753785783798
JBHI16,FUSIONCA,1.6,S01,16,96,0.8645833333333334,4.0,2.898833451307159,3.5927675147799536,True,3.5189213184370556,82.82381289449025,102.65050042228438,100.54060909820159
JBHI16,FUSIONCA,1.6,S02,16,96,0.9166666666666666,4.0,3.2606089333956563,3.7880502555284394,True,3.6947321575889047,93.16025523987588,108.23000730081255,105.56377593111155
JBHI16,FUSIONCA,1.6,S03,16,96,0.6354166666666666,4.0,1.6291907528008407,3.0855662673621014,True,2.6795253433580117,46.54830722288116,88.15903621034575,76.55786695308605
JBHI16,FUSIONCA,1.6,S04,16,96,0.75,4.0,2.2119992266387376,3.353307661003977,True,3.1407051072629426,63.19997790396393,95.80879031439933,89.73443163608407
JBHI16,FUSIONCA,1.6,S05,16,96,0.6979166666666666,4.0,1.9359708049738782,3.2471031409059314,True,2.918682683616413,55.31345157068223,92.77437545445518,83.3909338176118
JBHI16,FUSIONCA,1.6,S06,16,96,0.7916666666666666,4.0,2.4477795931047743,3.4508327353026065,True,3.3080212810419583,69.93655980299354,98.5952210086459,94.51489374405594
JBHI16,FUSIONCA,1.6,S07,16,96,0.6875,4.0,1.8830584563377806,3.2090834875173995,True,2.858124848156186,53.801670181079444,91.68809964335426,81.66070994731959
JBHI16,FUSIONCA,1.6,S08,16,96,0.8333333333333334,4.0,2.698829145750226,3.441883383689915,True,3.3761584824014976,77.10940416429217,98.33952524828328,96.46167092575706
JBHI16,FUSIONCA,1.6,S09,16,96,0.8541666666666666,4.0,2.8309308841639482,3.5716882895457376,True,3.462372715021646,80.88373954754137,102.04823684416392,98.92493471490417
JBHI16,FUSIONCA,1.6,S10,16,96,0.8541666666666666,4.0,2.8309308841639482,3.577152772706323,True,3.4537363972874386,80.88373954754137,102.20436493446635,98.67818277964109
JBHI16,FUSIONCA,1.6,S11,16,96,0.84375,4.0,2.764285939212746,3.636667662725808,True,3.4069649398239017,78.9795982632213,103.90479036359451,97.34185542354004
JBHI16,FUSIONCA,1.6,S12,16,96,0.8229166666666666,4.0,2.6345000751319905,3.555809324785635,True,3.4142398953915527,75.27143071805686,101.59455213673242,97.54971129690149
JBHI16,FUSIONCA,1.6,S13,16,96,0.8854166666666666,4.0,3.038747716206148,3.624192151201724,True,3.5484915324086157,86.82136332017565,103.5483471771921,101.38547235453187
JBHI16,FUSIONCA,1.8,S01,16,96,0.84375,4.0,2.764285939212746,3.5299234684337955,True,3.435224090272063,72.11180710989773,92.08496004609901,89.61454148535817
JBHI16,FUSIONCA,1.8,S02,16,96,0.9270833333333334,4.0,3.3384075580408545,3.789947264526618,True,3.7191958611888714,87.08889281845708,98.86818950939005,97.02250072666622
JBHI16,FUSIONCA,1.8,S03,16,96,0.59375,4.0,1.438336292135987,3.052631028881242,True,2.585072770983638,37.52181631659097,79.63385292733676,67.43668098218187
JBHI16,FUSIONCA,1.8,S04,16,96,0.78125,4.0,2.3874892196722413,3.4147120774309636,True,3.2001077465955303,62.282327469710644,89.07944549819906,83.48107165031819
JBHI16,FUSIONCA,1.8,S05,16,96,0.7083333333333334,4.0,1.989625773712151,3.2811281592466646,True,3.0546811060726013,51.903281053360466,85.59464763252168,79.68733320189395
JBHI16,FUSIONCA,1.8,S06,16,96,0.7916666666666666,4.0,2.4477795931047743,3.4542401992188996,True,3.2180315976976868,63.85511982012455,90.11061389266695,83.94865037472228
JBHI16,FUSIONCA,1.8,S07,16,96,0.71875,4.0,2.044038582556732,3.2404204591644916,True,2.9741174268649635,53.322745631914756,84.53270763037806,77.58567200517297
JBHI16,FUSIONCA,1.8,S08,16,96,0.875,4.0,2.9680742323493385,3.566963296136355,True,3.4787022089309887,77.42802345259145,93.05121642094839,90.74875327646058
JBHI16,FUSIONCA,1.8,S09,16,96,0.84375,4.0,2.764285939212746,3.5695798443265607,True,3.4446098789860895,72.11180710989773,93.11947419982333,89.8593881474632
JBHI16,FUSIONCA,1.8,S10,16,96,0.8854166666666666,4.0,3.038747716206148,3.684768387132313,True,3.590398694765952,79.27167955320387,96.12439270779947,93.66257464606832
JBHI16,FUSIONCA,1.8,S11,16,96,0.8541666666666666,4.0,2.8309308841639482,3.672159001681036,True,3.4573399041844346,73.85037089123344,95.79545221776617,90.19147576133308
JBHI16,FUSIONCA,1.8,S12,16,96,0.8229166666666666,4.0,2.6345000751319905,3.5633745773027994,True,3.3780276993190297,68.72608891648672,92.95759766876868,88.122461721366
JBHI16,FUSIONCA,1.8,S13,16,96,0.875,4.0,2.9680742323493385,3.6008178074062114,True,3.511901073594458,77.42802345259145,93.93437758450987,91.61481061550761
JBHI16,FUSIONCA,2.0,S01,16,96,0.875,4.0,2.9680742323493385,3.667782835488463,True,3.5720800472764997,71.23378157638413,88.02678805172312,85.72992113463599
JBHI16,FUSIONCA,2.0,S02,16,96,0.9375,4.0,3.4185292711574538,3.8017644802379147,True,3.7623386679604995,82.0447025077789,91.24234752570996,90.29612803105199
JBHI16,FUSIONCA,2.0,S03,16,96,0.6145833333333334,4.0,1.5324412743111835,3.082906699944093,True,2.619952375091852,36.7785905834684,73.98976079865822,62.87885700220444
JBHI16,FUSIONCA,2.0,S04,16,96,0.7708333333333334,4.0,2.3281151197285883,3.3552731621912124,True,3.1542366216589874,55.87476287348612,80.5265558925891,75.70167891981569
JBHI16,FUSIONCA,2.0,S05,16,96,0.7083333333333334,4.0,1.989625773712151,3.2621120823536462,True,3.0263254198530873,47.75101856909163,78.29068997648751,72.6318100764741
JBHI16,FUSIONCA,2.0,S06,16,96,0.7916666666666666,4.0,2.4477795931047743,3.457775747723222,True,3.231663674997751,58.74671023451458,82.98661794535732,77.55992819994603
JBHI16,FUSIONCA,2.0,S07,16,96,0.6979166666666666,4.0,1.9359708049738782,3.223213139401257,True,2.8859356283533693,46.46329931937308,77.35711534563018,69.26245508048086
JBHI16,FUSIONCA,2.0,S08,16,96,0.8854166666666666,4.0,3.038747716206148,3.6500245285313713,True,3.577260257182477,72.92994518894756,87.6005886847529,85.85424617237945
JBHI16,FUSIONCA,2.0,S09,16,96,0.8541666666666666,4.0,2.8309308841639482,3.641757955995235,True,3.517278382175807,67.94234121993476,87.40219094388564,84.41468117221937
JBHI16,FUSIONCA,2.0,S10,16,96,0.8854166666666666,4.0,3.038747716206148,3.72037464620974,True,3.58892255466099,72.92994518894756,89.28899150903376,86.13414131186377
JBHI16,FUSIONCA,2.0,S11,16,96,0.8541666666666666,4.0,2.8309308841639482,3.6721589767155494,True,3.5006780900567103,67.94234121993476,88.13181544117319,84.01627416136105
JBHI16,FUSIONCA,2.0,S12,16,96,0.8125,4.0,2.571245753198257,3.5466931987086987,True,3.370011706716259,61.709898076758165,85.12063676900877,80.88028096119022
JBHI16,FUSIONCA,2.0,S13,16,96,0.8541666666666666,4.0,2.8309308841639482,3.6350819342380154,True,3.4717408495518383,67.94234121993476,87.24196642171236,83.32178038924411
JBHI16,TRCA,0.2,S01,16,96,0.7083333333333334,4.0,1.989625773712151,3.171094161918064,True,2.9277245736228528,170.5393520324701,271.80807102154836,250.94782059624455
JBHI16,TRCA,0.2,S02,16,96,0.6875,4.0,1.8830584563377806,3.094025855764162,True,2.8748040218628015,161.40501054323835,265.2022162083568,246.41177330252586
JBHI16,TRCA,0.2,S03,16,96,0.25,4.0,0.2585539288344778,2.193397572912049,True,1.8994437074758939,22.161765328669528,188.00550624960422,162.80946064079092
JBHI16,TRCA,0.2,S04,16,96,0.375,4.0,0.6037593748197114,2.345954398792472,True,1.9630342714326963,51.75080355597527,201.0818056107833,168.26008040851684
JBHI16,TRCA,0.2,S05,16,96,0.375,4.0,0.6037593748197114,2.3600230109650058,True,2.0505486277623843,51.75080355597527,202.28768665414336,175.76131095106152
JBHI16,TRCA,0.2,S06,16,96,0.5625,4.0,1.3020359561327761,2.848756238417798,True,2.5513055994066134,111.60308195423796,244.17910615009697,218.68333709199544
JBHI16,TRCA,0.2,S07,16,96,0.2604166666666667,4.0,0.28315435283088286,2.0749947201364862,True,1.810887366257837,24.27037309978996,177.8566902974131,155.21891710781463
JBHI16,TRCA,0.2,S08,16,96,0.4479166666666667,4.0,0.8509121552870549,2.727392620422209,True,2.3617970487389828,72.93532759603329,233.77651032190366,202.43974703476997
JBHI16,TRCA,0.2,S09,16,96,0.5416666666666666,4.0,1.2143569821601257,2.878313068559649,True,2.4689478648337913,104.08774132801078,246.71254873368423,211.62410270003926
JBHI16,TRCA,0.2,S10,16,96,0.5416666666666666,4.0,1.2143569821601257,2.7568299995179326,True,2.4515119067408326,104.08774132801078,236.29971424439424,210.12959200635711
JBHI16,TRCA,0.2,S11,16,96,0.6666666666666666,4.0,1.7794073007426707,3.1596710982675473,True,2.8717803607297716,152.52062577794322,270.8289512800755,246.15260234826616
JBHI16,TRCA,0.2,S12,16,96,0.5520833333333334,4.0,1.2578799256629427,2.8684137235297142,True,2.6185624299809342,107.81827934253796,245.8640334454041,224.4482082840801
JBHI16,TRCA,0.2,S13,16,96,0.6770833333333334,4.0,1.8308748430807043,3.028106318013231,True,2.835952021230683,156.9321294069175,259.5519701154198,243.08160181977283
JBHI16,TRCA,0.4,S01,16,96,0.7916666666666666,4.0,2.4477795931047743,3.416841057325759,True,3.213341000375632,163.18530620698496,227.7894038217173,214.2227333583755
JBHI16,TRCA,0.4,S02,16,96,0.7916666666666666,4.0,2.4477795931047743,3.3762731856693167,True,3.2327392720080272,163.18530620698496,225.08487904462112,215.51595146720183
JBHI16,TRCA,0.4,S03,16,96,0.28125,4.0,0.334773946978006,1.9093213415649641,True,1.7523136785291378,22.318263131867067,127.28808943766428,116.82091190194252
JBHI16,TRCA,0.4,S04,16,96,0.4479166666666667,4.0,0.8509121552870549,2.592304331640647,True,2.318722194794346,56.727477019137,172.82028877604313,154.58147965295643
JBHI16,TRCA,0.4,S05,16,96,0.4583333333333333,4.0,0.8887827658594158,2.5075766438070044,True,2.2025129068530163,59.252184390627725,167.17177625380032,146.83419379020108
JBHI16,TRCA,0.4,S06,16,96,0.8020833333333334,4.0,2.50901942711607,3.451509029956405,True,3.240057777466566,167.267961807738,230.1006019970937,216.0038518311044
JBHI16,TRCA,0.4,S07,16,96,0.28125,4.0,0.334773946978006,2.1148736494895104,True,1.7320561527737708,22.318263131867067,140.99157663263404,115.47041018491807
JBHI16,TRCA,0.4,S08,16,96,0.5833333333333334,4.0,1.3922601618452979,2.8412247265757182,True,2.5844843150704198,92.81734412301986,189.41498177171457,172.29895433802798
JBHI16,TRCA,0.4,S09,16,96,0.6354166666666666,4.0,1.6291907528008407,3.110504174331909,True,2.756880416737117,108.61271685338939,207.3669449554606,183.7920277824745
JBHI16,TRCA,0.4,S10,16,96,0.625,4.0,1.5804820237218404,3.108229747706959,True,2.7568035356100453,105.36546824812271,207.2153165137973,183.78690237400303
JBHI16,TRCA,0.4,S11,16,96,0.6875,4.0,1.8830584563377806,3.244623698924291,True,2.837756571595081,125.53723042251872,216.30824659495275,189.18377143967209
JBHI16,TRCA,0.4,S12,16,96,0.59375,4.0,1.438336292135987,2.8517334972335737,True,2.6425474608108375,95.88908614239914,190.11556648223825,176.1698307207225
JBHI16,TRCA,0.4,S13,16,96,0.8020833333333334,4.0,2.50901942711607,3.4542746500081543,True,3.338273047548641,167.267961807738,230.2849766672103,222.55153650324274
JBHI16,TRCA,0.6,S01,16,96,0.8020833333333334,4.0,2.50901942711607,3.5547084986794486,True,3.3772707276748006,136.85560511542198,193.8931908370608,184.21476696408
JBHI16,TRCA,0.6,S02,16,96,0.8020833333333334,4.0,2.50901942711607,3.4490691749920623,True,3.3592859300546825,136.85560511542198,188.13104590865794,183.23377800298266
JBHI16,TRCA,0.6,S03,16,96,0.34375,4.0,0.5077409742370422,2.2232097871509637,True,1.8793798412464509,27.69496223111139,121.26598839005256,102.51162770435185
JBHI16,TRCA,0.6,S04,16,96,0.5625,4.0,1.3020359561327761,3.019406641613144,True,2.694876639009844,71.02014306178778,164.6949077243533,146.99327121871875
JBHI16,TRCA,0.6,S05,16,96,0.5208333333333334,4.0,1.1292009583347502,2.6680218242123623,True,2.48256572709947,61.592779545531826,145.52846313885613,135.41267602360745
JBHI16,TRCA,0.6,S06,16,96,0.78125,4.0,2.3874892196722413,3.384795263684036,True,3.2064499013814167,130.22668470939496,184.62519620094739,174.89726734807726
JBHI16,TRCA,0.6,S07,16,96,0.3229166666666667,4.0,0.4471844238026872,2.2757867229900404,True,1.9131829318066278,24.391877661964752,124.13382125400219,104.35543264399787
JBHI16,TRCA,0.6,S08,16,96,0.6666666666666666,4.0,1.7794073007426707,3.043358424824408,True,2.8559570019966793,97.0585800405093,166.00136862678588,155.7794728361825
JBHI16,TRCA,0.6,S09,16,96,0.7604166666666666,4.0,2.2696274377013084,3.3829081000756895,True,3.1639257001665007,123.79786023825316,184.5222600041285,172.5777654636273
JBHI16,TRCA,0.6,S10,16,96,0.7291666666666666,4.0,2.0992259198204537,3.362824487915274,True,3.03218890186891,114.50323199020656,183.42679024992404,165.39212192012235
JBHI16,TRCA,0.6,S11,16,96,0.7604166666666666,4.0,2.2696274377013084,3.4016628577415533,True,3.0917080387146263,123.79786023825316,185.5452467859029,168.63862029352507
JBHI16,TRCA,0.6,S12,16,96,0.6354166666666666,4.0,1.6291907528008407,2.924704605843294,True,2.7220275823707025,88.86495015277312,159.52934213690693,148.47423176567466
JBHI16,TRCA,0.6,S13,16,96,0.8125,4.0,2.571245753198257,3.4800272627250237,True,3.368688147733199,140.24976835626853,189.81966887591037,183.74662623999265
JBHI16,TRCA,0.8,S01,16,96,0.8020833333333334,4.0,2.50901942711607,3.5128205958490533,True,3.3005720630359052,115.80089663612631,162.13018134687937,152.33409521704178
JBHI16,TRCA,0.8,S02,16,96,0.8333333333333334,4.0,2.698829145750226,3.508847261166583,True,3.4203256198776613,124.56134518847198,161.9467966692269,157.86118245589205
JBHI16,TRCA,0.8,S03,16,96,0.40625,4.0,0.7057943054593894,2.305093059897528,True,1.9871282624958297,32.57512179043336,106.38891045680899,91.71361211519213
JBHI16,TRCA,0.8,S04,16,96,0.5416666666666666,4.0,1.2143569821601257,2.8050386988445366,True,2.51709505237386,56.04724533046734,129.46332456205553,116.17361780187046
JBHI16,TRCA,0.8,S05,16,96,0.6458333333333334,4.0,1.6785752867351793,3.014684721918451,True,2.8689714414026137,77.47270554162365,139.13929485777467,132.41406652627447
JBHI16,TRCA,0.8,S06,16,96,0.7708333333333334,4.0,2.3281151197285883,3.426909970467978,True,3.202500153836595,107.45146706439638,158.16507556006053,147.80769940784285
JBHI16,TRCA,0.8,S07,16,96,0.3333333333333333,4.0,0.477110435539831,2.1113036260637443,True,1.9363232410491542,22.02048164029989,97.44478274140359,89.36876497149943
JBHI16,TRCA,0.8,S08,16,96,0.6666666666666666,4.0,1.7794073007426707,3.0822407522732194,True,2.8451430298806115,82.12649080350788,142.2572654895332,131.31429368679744
JBHI16,TRCA,0.8,S09,16,96,0.78125,4.0,2.3874892196722413,3.459280353712503,True,3.2623672509048607,110.19181013871882,159.65909324826936,150.57079619560895
JBHI16,TRCA,0.8,S10,16,96,0.8229166666666666,4.0,2.6345000751319905,3.540971673425868,True,3.3685196320021875,121.59231115993802,163.42946185042467,155.47013686163942
JBHI16,TRCA,0.8,S11,16,96,0.7708333333333334,4.0,2.3281151197285883,3.3841519237382043,True,3.164828351304771,107.45146706439638,156.1916272494556,146.06900082945097
JBHI16,TRCA,0.8,S12,16,96,0.65625,4.0,1.7286442853647042,3.070146960222848,True,2.8165965475770354,79.78358240144789,141.69909047182375,129.9967637343247
JBHI16,TRCA,0.8,S13,16,96,0.7916666666666666,4.0,2.4477795931047743,3.41526141096388,True,3.265561746380177,112.97444275868189,157.62744973679446,150.71823444831585
JBHI16,TRCA,1.0,S01,16,96,0.7916666666666666,4.0,2.4477795931047743,3.473028401617391,True,3.2772943042436244,97.91118372419098,138.92113606469565,131.09177216974498
JBHI16,TRCA,1.0,S02,16,96,0.84375,4.0,2.764285939212746,3.5254810920299913,True,3.4515547047195794,110.57143756850984,141.01924368119964,138.06218818878318
JBHI16,TRCA,1.0,S03,16,96,0.40625,4.0,0.7057943054593894,2.215237697329412,True,1.8543562646776275,28.231772218375575,88.60950789317648,74.17425058710509
JBHI16,TRCA,1.0,S04,16,96,0.6666666666666666,4.0,1.7794073007426707,3.0780563079646797,True,2.8525254499801433,71.17629202970683,123.12225231858719,114.10101799920574
JBHI16,TRCA,1.0,S05,16,96,0.6041666666666666,4.0,1.485061463811466,2.9843036029439265,True,2.784079800102943,59.40245855245864,119.37214411775706,111.36319200411774
JBHI16,TRCA,1.0,S06,16,96,0.8020833333333334,4.0,2.50901942711607,3.4620449281323804,True,3.30582425290154,100.36077708464279,138.4817971252952,132.2329701160616
JBHI16,TRCA,1.0,S07,16,96,0.46875,4.0,0.927283972188711,2.4902595004062964,True,2.2118524584388473,37.09135888754844,99.61038001625185,88.4740983375539
JBHI16,TRCA,1.0,S08,16,96,0.7083333333333334,4.0,1.989625773712151,3.2925708922477845,True,3.095639637720232,79.58503094848604,131.70283568991138,123.82558550880928
JBHI16,TRCA,1.0,S09,16,96,0.7708333333333334,4.0,2.3281151197285883,3.419767724125661,True,3.253463574110347,93.12460478914353,136.79070896502645,130.1385429644139
JBHI16,TRCA,1.0,S10,16,96,0.8020833333333334,4.0,2.50901942711607,3.58261670565654,True,3.4019928620349935,100.36077708464279,143.3046682262616,136.07971448139975
JBHI16,TRCA,1.0,S11,16,96,0.8020833333333334,4.0,2.50901942711607,3.441232520088837,True,3.291108513272534,100.36077708464279,137.6493008035535,131.64434053090136
JBHI16,TRCA,1.0,S12,16,96,0.7708333333333334,4.0,2.3281151197285883,3.4191812944365467,True,3.216845652890001,93.12460478914353,136.76725177746187,128.67382611560004
JBHI16,TRCA,1.0,S13,16,96,0.8125,4.0,2.571245753198257,3.4291213546086032,True,3.274218025856161,102.84983012793028,137.16485418434414,130.96872103424644
JBHI16,TRCA,1.2,S01,16,96,0.84375,4.0,2.764285939212746,3.5791275828783524,True,3.4703526240156446,97.56303314868515,126.32214998394186,122.48303378878747
JBHI16,TRCA,1.2,S02,16,96,0.84375,4.0,2.764285939212746,3.5882974333578614,True,3.481437394341467,97.56303314868515,126.64579176557159,122.87426097675767
JBHI16,TRCA,1.2,S03,16,96,0.4270833333333333,4.0,0.7770732667239395,2.409818421530669,True,2.0529719365590857,27.42611529613904,85.05241487755303,72.45783305502655
JBHI16,TRCA,1.2,S04,16,96,0.6354166666666666,4.0,1.6291907528008407,2.8671233836665166,True,2.7045664694294995,57.500850098853206,101.19259001175942,95.45528715633529
JBHI16,TRCA,1.2,S05,16,96,0.59375,4.0,1.438336292135987,3.016450242425978,True,2.7662040337138376,50.764810310681895,106.46294973268158,97.63073060166487
JBHI16,TRCA,1.2,S06,16,96,0.8020833333333334,4.0,2.50901942711607,3.5811191841789745,True,3.387679726555188,88.55362683939072,126.39244179455204,119.56516681959488
JBHI16,TRCA,1.2,S07,16,96,0.4895833333333333,4.0,1.0061710326713098,2.523039788062833,True,2.1539961259683187,35.511918800163876,89.0484631081,76.02339268123478
JBHI16,TRCA,1.2,S08,16,96,0.6979166666666666,4.0,1.9359708049738782,3.123360850452132,True,2.988070343461181,68.32838135201924,110.23626531007527,105.46130623980639
JBHI16,TRCA,1.2,S09,16,96,0.75,4.0,2.2119992266387376,3.4015103019130954,True,3.1989937817475025,78.07056094019075,120.05330477340338,112.90566288520598
JBHI16,TRCA,1.2,S10,16,96,0.8333333333333334,4.0,2.698829145750226,3.5239526184078054,True,3.3690954395801547,95.25279337941974,124.37479829674608,118.90925080871135
JBHI16,TRCA,1.2,S11,16,96,0.8229166666666666,4.0,2.6345000751319905,3.551049366805497,True,3.379155879201442,92.98235559289378,125.33115412254696,119.26432514828619
JBHI16,TRCA,1.2,S12,16,96,0.78125,4.0,2.3874892196722413,3.4457202829188867,True,3.2682449479550693,84.26432540019675,121.613657044196,115.34982169253186
JBHI16,TRCA,1.2,S13,16,96,0.7916666666666666,4.0,2.4477795931047743,3.4029411638804876,True,3.233245664741037,86.39222093310968,120.10380578401721,114.11455287321309
JBHI16,TRCA,1.4,S01,16,96,0.8333333333333334,4.0,2.698829145750226,3.5648487674227844,True,3.4283717621239265,85.22618355000715,112.57417160282478,108.26437143549242
JBHI16,TRCA,1.4,S02,16,96,0.8541666666666666,4.0,2.8309308841639482,3.5664857030701014,True,3.4703075074256238,89.397817394651,112.62586430747689,109.58865812923023
JBHI16,TRCA,1.4,S03,16,96,0.4791666666666667,4.0,0.9664138501843951,2.67890518141691,True,2.2758175651021118,30.518332111086163,84.59700572895505,71.86792310848774
JBHI16,TRCA,1.4,S04,16,96,0.6666666666666666,4.0,1.7794073007426707,3.1281750821017775,True,2.880784600428304,56.19180949713697,98.78447627689825,90.97214527668329
JBHI16,TRCA,1.4,S05,16,96,0.625,4.0,1.5804820237218404,2.9403861875656814,True,2.786467059673168,49.909958643847595,92.85430065996889,87.99369662125795
JBHI16,TRCA,1.4,S06,16,96,0.7708333333333334,4.0,2.3281151197285883,3.4718137761915773,True,3.2624409504392426,73.51942483353437,109.63622451131297,103.02445106650241
JBHI16,TRCA,1.4,S07,16,96,0.5208333333333334,4.0,1.1292009583347502,2.59889082966915,True,2.220515639542692,35.65897763162369,82.07023672639423,70.12154651187448
JBHI16,TRCA,1.4,S08,16,96,0.7708333333333334,4.0,2.3281151197285883,3.268012271384109,True,3.162887154427581,73.51942483353437,103.20038751739293,99.88064698192362
JBHI16,TRCA,1.4,S09,16,96,0.7916666666666666,4.0,2.4477795931047743,3.562793642583285,True,3.371204553151805,77.29830294015078,112.50927292368269,106.45909115216227
JBHI16,TRCA,1.4,S10,16,96,0.875,4.0,2.9680742323493385,3.626565302113204,True,3.561192375626049,93.7286599689265,114.52311480357487,112.45870659871734
JBHI16,TRCA,1.4,S11,16,96,0.8125,4.0,2.571245753198257,3.540143752852716,True,3.348138108069281,81.19723431152391,111.79401324798052,105.73067709692468
JBHI16,TRCA,1.4,S12,16,96,0.7708333333333334,4.0,2.3281151197285883,3.474957899890493,True,3.306595439580155,73.51942483353437,109.73551262812084,104.4188033551628
JBHI16,TRCA,1.4,S13,16,96,0.8020833333333334,4.0,2.50901942711607,3.470647146475186,True,3.3237532860568333,79.23219243524431,109.5993835729006,104.96063008600527
JBHI16,TRCA,1.6,S01,16,96,0.84375,4.0,2.764285939212746,3.5623386449651973,True,3.4205375326239693,78.9795982632213,101.78110414186277,97.72964378925626
JBHI16,TRCA,1.6,S02,16,96,0.8854166666666666,4.0,3.038747716206148,3.7222987687623657,True,3.606487692984625,86.82136332017565,106.35139339321044,103.04250551384642
JBHI16,TRCA,1.6,S03,16,96,0.5,4.0,1.0465547021957406,2.747456698945409,True,2.299196485834963,29.9015629198783,78.49876282701167,65.69132816671323
JBHI16,TRCA,1.6,S04,16,96,0.6875,4.0,1.8830584563377806,3.1345038158390475,True,2.9281621679888934,53.801670181079444,89.55725188111563,83.6617762282541
JBHI16,TRCA,1.6,S05,16,96,0.6354166666666666,4.0,1.6291907528008407,3.0467038251955634,True,2.8381977331207033,46.54830722288116,87.04868071987323,81.09136380344866
JBHI16,TRCA,1.6,S06,16,96,0.7708333333333334,4.0,2.3281151197285883,3.4585165639964117,True,3.243957226368229,66.51757484938824,98.81475897132604,92.6844921819494
JBHI16,TRCA,1.6,S07,16,96,0.5625,4.0,1.3020359561327761,2.6653049541403426,True,2.3731896685459146,37.20102731807931,76.1515701182955,67.80541910131184
JBHI16,TRCA,1.6,S08,16,96,0.7604166666666666,4.0,2.2696274377013084,3.2655544704928587,True,3.158557577441992,64.84649822003738,93.30155629979596,90.24450221262833
JBHI16,TRCA,1.6,S09,16,96,0.8125,4.0,2.571245753198257,3.498355665514955,True,3.3628246657173757,73.46416437709304,99.95301901471299,96.08070473478216
JBHI16,TRCA,1.6,S10,16,96,0.875,4.0,2.9680742323493385,3.606134926252329,True,3.52063967380741,84.80212092426682,103.03242646435226,100.58970496592599
JBHI16,TRCA,1.6,S11,16,96,0.8229166666666666,4.0,2.6345000751319905,3.5462986225945743,True,3.402832461513685,75.27143071805686,101.3228177884164,97.22378461467672
JBHI16,TRCA,1.6,S12,16,96,0.7708333333333334,4.0,2.3281151197285883,3.4062234769449478,True,3.247361315978578,66.51757484938824,97.32067076985564,92.78175188510222
JBHI16,TRCA,1.6,S13,16,96,0.8333333333333334,4.0,2.698829145750226,3.5887686133135595,True,3.4367305328961097,77.10940416429217,102.53624609467312,98.19230093988884
JBHI16,TRCA,1.8,S01,16,96,0.8333333333333334,4.0,2.698829145750226,3.487339376740566,True,3.361594203356219,70.40423858478852,90.97407069757999,87.69376182668398
JBHI16,TRCA,1.8,S02,16,96,0.8645833333333334,4.0,2.898833451307159,3.65344636209203,True,3.535957485347469,75.62174220801285,95.3072964024008,92.24236918297747
JBHI16,TRCA,1.8,S03,16,96,0.4375,4.0,0.8136746316817107,2.6361001245643862,True,2.164492440380923,21.22629473952289,68.76782933646226,56.465020183850164
JBHI16,TRCA,1.8,S04,16,96,0.7708333333333334,4.0,2.3281151197285883,3.3192975865566616,True,3.192200938099363,60.73343790596318,86.59037182321727,83.27480708085295
JBHI16,TRCA,1.8,S05,16,96,0.6458333333333334,4.0,1.6785752867351793,3.0436981773008807,True,2.8645592365825627,43.78892052352642,79.40082201654472,74.72763225867556
JBHI16,TRCA,1.8,S06,16,96,0.7604166666666666,4.0,2.2696274377013084,3.4620482738690295,True,3.210394466873101,59.20767228786022,90.31430279658339,83.74942087495047
JBHI16,TRCA,1.8,S07,16,96,0.5416666666666666,4.0,1.2143569821601257,2.6117713203647863,True,2.3157644143804594,31.67887779548154,68.13316487908139,60.41124559253373
JBHI16,TRCA,1.8,S08,16,96,0.75,4.0,2.2119992266387376,3.2217242932023447,True,3.077731721227185,57.70432765144533,84.0449815618003,80.28865359723092
JBHI16,TRCA,1.8,S09,16,96,0.8229166666666666,4.0,2.6345000751319905,3.54566139828676,True,3.4280832864013746,68.72608891648672,92.49551473791549,89.42825964525326
JBHI16,TRCA,1.8,S10,16,96,0.90625,4.0,3.1848645179386716,3.717674750200972,True,3.647551688703688,83.0834222070958,96.98281957046015,95.15352231400925
JBHI16,TRCA,1.8,S11,16,96,0.84375,4.0,2.764285939212746,3.6146398933737403,True,3.4637248569490673,72.11180710989773,94.29495374018454,90.35803974649741
JBHI16,TRCA,1.8,S12,16,96,0.8020833333333334,4.0,2.50901942711607,3.4268003504638758,True,3.3079316468984663,65.45268070737575,89.39479175123155,86.29386904952521
JBHI16,TRCA,1.8,S13,16,96,0.8229166666666666,4.0,2.6345000751319905,3.5080341313524075,True,3.3513166689354876,68.72608891648672,91.51393386136716,87.42565223309968
JBHI16,TRCA,2.0,S01,16,96,0.8541666666666666,4.0,2.8309308841639482,3.5925201352877503,True,3.4721481413987942,67.94234121993476,86.22048324690601,83.33155539357107
JBHI16,TRCA,2.0,S02,16,96,0.90625,4.0,3.1848645179386716,3.7015582324962213,True,3.6313889909506325,76.43674843052813,88.83739757990931,87.15333578281518
JBHI16,TRCA,2.0,S03,16,96,0.4166666666666667,4.0,0.7411117292438782,2.546203258352439,True,2.0602507890160795,17.786681501853078,61.10887820045854,49.44601893638591
JBHI16,TRCA,2.0,S04,16,96,0.7395833333333334,4.0,2.155206096559964,3.237141434146114,True,3.0861942364960764,51.72494631743914,77.69139441950674,74.06866167590583
JBHI16,TRCA,2.0,S05,16,96,0.6354166666666666,4.0,1.6291907528008407,3.0755450400348714,True,2.854826608184162,39.10057806722018,73.81308096083691,68.51583859641988
JBHI16,TRCA,2.0,S06,16,96,0.78125,4.0,2.3874892196722413,3.4073394449849213,True,3.19224433511466,57.29974127213379,81.77614667963812,76.61386404275184
JBHI16,TRCA,2.0,S07,16,96,0.53125,4.0,1.1714646344142428,2.5962221352517414,True,2.2962075229797168,28.115151225941826,62.30933124604179,55.1089805515132
JBHI16,TRCA,2.0,S08,16,96,0.8020833333333334,4.0,2.50901942711607,3.389986568322445,True,3.3203651310555937,60.21646625078568,81.35967763973868,79.68876314533425
JBHI16,TRCA,2.0,S09,16,96,0.7916666666666666,4.0,2.4477795931047743,3.5055170057790144,True,3.343002415716775,58.74671023451458,84.13240813869635,80.2320579772026
JBHI16,TRCA,2.0,S10,16,96,0.9166666666666666,4.0,3.2606089333956563,3.747143185619481,True,3.6738988242555717,78.25461440149576,89.93143645486754,88.17357178213372
JBHI16,TRCA,2.0,S11,16,96,0.8333333333333334,4.0,2.698829145750226,3.573985882896921,True,3.4018584294523073,64.77189949800542,85.7756611895261,81.64460230685538
JBHI16,TRCA,2.0,S12,16,96,0.8229166666666666,4.0,2.6345000751319905,3.5444964527230662,True,3.4197663459453547,63.22800180316777,85.06791486535359,82.07439230268851
JBHI16,TRCA,2.0,S13,16,96,0.8125,4.0,2.571245753198257,3.5703487415347475,True,3.3710360374207937,61.709898076758165,85.68836979683394,80.90486489809905
JBHI16,BPRCA,0.2,aggregate,16,1248,0.43349358974358976,4.0,0.7995217115506756,1.302134232498201,True,1.0849195776223746,68.53043241862935,111.61150564270295,92.9931066533464
JBHI16,BPRCA,0.4,aggregate,16,1248,0.5873397435897436,4.0,1.4099052692227247,1.924202306060473,True,1.7548471584347523,93.99368461484832,128.28015373736488,116.98981056231682
JBHI16,BPRCA,0.6,aggregate,16,1248,0.6458333333333334,4.0,1.6785752867351793,2.16233402405717,True,2.00729529150809,91.55865200373704,117.94549222130017,109.48883408225946
JBHI16,BPRCA,0.8,aggregate,16,1248,0.6891025641025641,4.0,1.8911510522270432,2.365697024664117,True,2.24176126536599,87.28389471817123,109.18601652295924,103.46590455535338
JBHI16,BPRCA,1.0,aggregate,16,1248,0.7155448717948718,4.0,2.027214490850415,2.4347277758033625,True,2.329664563452879,81.0885796340166,97.38911103213451,93.18658253811518
JBHI16,BPRCA,1.2,aggregate,16,1248,0.7227564102564102,4.0,2.0651718587484194,2.477891357766385,True,2.378872489888343,72.88841854406186,87.45498909763712,83.96020552547094
JBHI16,BPRCA,1.4,aggregate,16,1248,0.7467948717948718,4.0,2.19443654318059,2.5746282629525066,True,2.504934359184263,69.29799610043969,81.30405040902653,79.10319029002937
JBHI16,BPRCA,1.6,aggregate,16,1248,0.7548076923076923,4.0,2.238491674361298,2.668768758975914,True,2.5862987918129754,63.95690498175137,76.2505359707404,73.89425119465643
JBHI16,BPRCA,1.8,aggregate,16,1248,0.7652243589743589,4.0,2.2965133862851825,2.725149152254755,True,2.6283727644108,59.90904485961346,71.09084745012404,68.56624602810784
JBHI16,BPRCA,2.0,aggregate,16,1248,0.7732371794871795,4.0,2.341737121437603,2.760702550825552,True,2.6579321848785638,56.201690914502464,66.25686121981325,63.79037243708553
JBHI16,EBPRCA,0.2,aggregate,16,1248,0.5496794871794872,4.0,1.2477800782745483,1.6888619728819654,True,1.5151047692124395,106.95257813781843,144.75959767559704,129.86612307535196
JBHI16,EBPRCA,0.4,aggregate,16,1248,0.6939102564102564,4.0,1.915532804167035,2.367934154905647,True,2.2243562026252564,127.702186944469,157.8622769937098,148.29041350835044
JBHI16,EBPRCA,0.6,aggregate,16,1248,0.7171474358974359,4.0,2.0356174038065165,2.505448389880907,True,2.3563622476814574,111.03367657126452,136.66082126623127,128.52884987353403
JBHI16,EBPRCA,0.8,aggregate,16,1248,0.7403846153846154,4.0,2.159545667536707,2.5943542111627464,True,2.466514528039801,99.67133850169417,119.7394251305883,113.83913206337543
JBHI16,EBPRCA,1.0,aggregate,16,1248,0.7604166666666666,4.0,2.2696274377013084,2.7203294627224706,True,2.5865111584043596,90.78509750805233,108.81317850889883,103.46044633617439
JBHI16,EBPRCA,1.2,aggregate,16,1248,0.7540064102564102,4.0,2.2340638176396608,2.646940749790689,True,2.531949917797613,78.84931121081156,93.42143822790668,89.36293827520988
JBHI16,EBPRCA,1.4,aggregate,16,1248,0.7612179487179487,4.0,2.274095649458088,2.7057577489003486,True,2.595580207049877,71.81354682499226,85.44498154422153,81.96569074894349
JBHI16,EBPRCA,1.6,aggregate,16,1248,0.7748397435897436,4.0,2.3508448480209188,2.756936793162671,True,2.6459985741492904,67.16699565774053,78.76962266179059,75.59995926140829
JBHI16,EBPRCA,1.8,aggregate,16,1248,0.7844551282051282,4.0,2.4059410414510993,2.8086992557733694,True,2.7088788562957937,62.76367934220259,73.27041536800095,70.6664049468468
JBHI16,EBPRCA,2.0,aggregate,16,1248,0.7940705128205128,4.0,2.4618263084079812,2.8374360626533237,True,2.7588105450876017,59.08383140179155,68.09846550367976,66.21145308210244
JBHI16,EFUSIONCA,0.2,aggregate,16,1248,0.5865384615384616,4.0,1.4063686129392923,1.7955169486768565,True,1.67391960847501,120.5458811090822,153.90145274373057,143.4788235835723
JBHI16,EFUSIONCA,0.4,aggregate,16,1248,0.7139423076923077,4.0,2.018829781460011,2.4324846145858214,True,2.3006323235071067,134.5886520973341,162.1656409723881,153.37548823380712
JBHI16,EFUSIONCA,0.6,aggregate,16,1248,0.7612179487179487,4.0,2.274095649458088,2.689688313993428,True,2.5800108140024913,124.04158087953206,146.71027167236878,140.72786258195407
JBHI16,EFUSIONCA,0.8,aggregate,16,1248,0.7844551282051282,4.0,2.4059410414510993,2.8400926015483132,True,2.7110148560918237,111.04343268235843,131.08119699453752,125.1237625888534
JBHI16,EFUSIONCA,1.0,aggregate,16,1248,0.7972756410256411,4.0,2.4806346445692915,2.9074013320685674,True,2.798548085052791,99.22538578277167,116.29605328274269,111.94192340211163
JBHI16,EFUSIONCA,1.2,aggregate,16,1248,0.7924679487179487,4.0,2.452456193949428,2.8820426375607564,True,2.7728619034863806,86.55727743350923,101.71915191390906,97.8657142406958
JBHI16,EFUSIONCA,1.4,aggregate,16,1248,0.7988782051282052,4.0,2.490073131986235,2.913145994402369,True,2.8118275403603574,78.6338883785127,91.99408403375902,88.79455390611656
JBHI16,EFUSIONCA,1.6,aggregate,16,1248,0.8076923076923077,4.0,2.5424007962722994,2.9633397350018678,True,2.8612674562276217,72.64002275063712,84.66684957148193,81.75049874936062
JBHI16,EFUSIONCA,1.8,aggregate,16,1248,0.8181089743589743,4.0,2.605175186953568,2.993656258201591,True,2.9241734319115404,67.96109183357134,78.09538064873716,76.28278518030106
JBHI16,EFUSIONCA,2.0,aggregate,16,1248,0.8221153846153846,4.0,2.629596832513929,3.0086403889630926,True,2.941675269507226,63.1103239803343,72.20736933511422,70.60020646817343
JBHI16,ETRCA,0.2,aggregate,16,1248,0.6033653846153846,4.0,1.481444053774287,1.8892583820883626,True,1.7488225626391438,126.9809188949389,161.9364327504311,149.8990767976409
JBHI16,ETRCA,0.4,aggregate,16,1248,0.6834935897435898,4.0,1.8629023125156368,2.2759652820926637,True,2.171935594832462,124.19348750104245,151.7310188061776,144.79570632216414
JBHI16,ETRCA,0.6,aggregate,16,1248,0.719551282051282,4.0,2.0482560412947093,2.498497706029997,True,2.3997905130944845,111.72305679789322,136.28169305618164,130.89766435060824
JBHI16,ETRCA,0.8,aggregate,16,1248,0.7363782051282052,4.0,2.137895811376786,2.5737028369145567,True,2.4857142341792753,98.67211437123628,118.78628478067185,114.72527234673578
JBHI16,ETRCA,1.0,aggregate,16,1248,0.7612179487179487,4.0,2.274095649458088,2.7416113066977257,True,2.6226959996025556,90.96382597832353,109.66445226790903,104.90783998410222
JBHI16,ETRCA,1.2,aggregate,16,1248,0.7636217948717948,4.0,2.2875309083614503,2.7556585295701184,True,2.649170082309154,80.73638500099237,97.25853633776889,93.5001205520878
JBHI16,ETRCA,1.4,aggregate,16,1248,0.7612179487179487,4.0,2.274095649458088,2.733901340781471,True,2.6546764817822894,71.81354682499226,86.33372655099383,83.83188889838809
JBHI16,ETRCA,1.6,aggregate,16,1248,0.7636217948717948,4.0,2.2875309083614503,2.801188891126889,True,2.6864146608782056,65.3580259531843,80.0339683179111,76.75470459652016
JBHI16,ETRCA,1.8,aggregate,16,1248,0.7716346153846154,4.0,2.332650526029317,2.7852246005835326,True,2.714973256674643,60.85175285293871,72.65803305870085,70.82538930455591
JBHI16,ETRCA,2.0,aggregate,16,1248,0.7716346153846154,4.0,2.332650526029317,2.811332926873666,True,2.727332257735097,55.98361262470361,67.47199024496798,65.45597418564233
JBHI16,FUSIONCA,0.2,aggregate,16,1248,0.4951923076923077,4.0,1.0278382679931384,1.468398821138894,True,1.3195381145169898,88.10042297084044,125.86275609761951,113.10326695859914
JBHI16,FUSIONCA,0.4,aggregate,16,1248,0.6506410256410257,4.0,1.701598446740147,2.152778367247082,True,2.035444854912074,113.43989644934314,143.51855781647217,135.69632366080495
JBHI16,FUSIONCA,0.6,aggregate,16,1248,0.7091346153846154,4.0,1.9937842655009996,2.412979555655877,True,2.311327583223653,108.75186902732725,131.61706667213872,126.07241363038105
JBHI16,FUSIONCA,0.8,aggregate,16,1248,0.7467948717948718,4.0,2.19443654318059,2.627999330754557,True,2.525091600271892,101.28168660833492,121.29227680405648,116.5426892433181
JBHI16,FUSIONCA,1.0,aggregate,16,1248,0.7724358974358975,4.0,2.3371911889199577,2.7376452688010158,True,2.6439437479337773,93.48764755679831,109.50581075204063,105.75774991735109
JBHI16,FUSIONCA,1.2,aggregate,16,1248,0.7764423076923077,4.0,2.35997381216562,2.777912425435738,True,2.685700158948323,83.29319337055131,98.04396795655546,94.7894173746467
JBHI16,FUSIONCA,1.4,aggregate,16,1248,0.7956730769230769,4.0,2.4712190813737385,2.863280545796261,True,2.789573817425497,78.03849730653911,90.41938565672405,88.09180476080518
JBHI16,FUSIONCA,1.6,aggregate,16,1248,0.8028846153846154,4.0,2.5137705444192875,2.9423062219228875,True,2.8494940529317847,71.82201555483678,84.06589205493964,81.41411579805099
JBHI16,FUSIONCA,1.8,aggregate,16,1248,0.8092948717948718,4.0,2.551991722906992,2.949708149207635,True,2.866218655767769,66.57369711931284,76.94890824019917,74.77092145481137
JBHI16,FUSIONCA,2.0,aggregate,16,1248,0.8108974358974359,4.0,2.5616066566797597,2.9393014780033555,True,2.8674991946041217,61.47855976031423,70.54323547208054,68.81998067049892
JBHI16,TRCA,0.2,aggregate,16,1248,0.5112179487179487,4.0,1.0907451353488429,1.4966234965497587,True,1.3601713459024003,93.49244017275797,128.28201398997933,116.58611536306289
JBHI16,TRCA,0.4,aggregate,16,1248,0.5985576923076923,4.0,1.4598207829682739,1.9475687527976584,True,1.7925355850459876,97.32138553121827,129.83791685317723,119.50237233639919
JBHI16,TRCA,0.6,aggregate,16,1248,0.6538461538461539,4.0,1.7170286646958275,2.1787676827950557,True,2.066233498799727,93.65610898340876,118.84187360700302,112.703645389076
JBHI16,TRCA,0.8,aggregate,16,1248,0.6786858974358975,4.0,1.8388561794741136,2.3089540248240557,True,2.193228282887109,84.87028520649756,106.56710883803333,101.22592074863579
JBHI16,TRCA,1.0,aggregate,16,1248,0.7115384615384616,4.0,2.006286715094891,2.4713696339119573,True,2.3874458395209173,80.25146860379564,98.85478535647829,95.4978335808367
JBHI16,TRCA,1.2,aggregate,16,1248,0.7163461538461539,4.0,2.031413668014235,2.5062759770886855,True,2.4309607317310995,71.69695298873772,88.45679919136538,85.79861406109764
JBHI16,TRCA,1.4,aggregate,16,1248,0.7363782051282052,4.0,2.137895811376786,2.6714934331135547,True,2.5614762165314957,67.51249930663535,84.36295051937542,80.8887226273104
JBHI16,TRCA,1.6,aggregate,16,1248,0.750801282051282,4.0,2.2164022218132535,2.7135783451115705,True,2.6246921786735724,63.325777766092955,77.53080986033058,74.9912051049592
JBHI16,TRCA,1.8,aggregate,16,1248,0.7540064102564102,4.0,2.2340638176396608,2.692281024065972,True,2.6189473831295143,58.27992567755637,70.2334180191123,68.32036651642211
JBHI16,TRCA,2.0,aggregate,16,1248,0.7572115384615384,4.0,2.2518053188624263,2.7088973367680063,True,2.6479733483638643,54.04332765269823,65.01353608243215,63.551360360732744
